id,state,state_abb,state_id,county,county_id,operator,ref,name,sqft,lon,lat,type,company,pfaf_id,string_id,gid_1,name_0,name_1,area_km2,bws_label,coast_dist_km,lake_dist_km,avg_temp_c,summer_avg_temp_c,annual_precip_mm,summer_avg_dewpoint_c,nearest_reclaimed_plant_km,reclaimed_water_accessible,recommended_alternative,runner_up_alternative,recommendation_rationale,bws_score,bws_cat
9474864,North Carolina,NC,37,Caldwell County,27,Google,,Google Data Center,3407194.0,-81.54651452543965,35.89473769568106,campus,google,732409,732409-USA.34_1-1414,USA.34_1,United States,North Carolina,5488.78412991,Medium - High (20-40%),420.8542117942173,227.73802462936803,13.97000002861023,23.593333562215168,1234.0,18.524643006750143,86.66555393044906,False,immersion_cooling,closed_loop_dry_cooling,"Campus-type facility with space for new cooling infrastructure; no site-specific water resource (coast/lake/reclaimed) or favorable climate available nearby, so a high-water-savings retrofit technology is recommended instead.",2.3695891571081926,2.0
13924557,Iowa,IA,19,Polk County,153,Microsoft,,Project Alluvion,11169421.0,-93.71182964871085,41.51596683171199,campus,microsoft,742843,742843-USA.16_1-1342,USA.16_1,United States,Iowa,187.257056446,Low - Medium (10-20%),1583.6546823035312,547.6600469253739,9.738333304723104,22.811999638875324,861.0,17.445100827655196,125.76387436811292,False,immersion_cooling,closed_loop_dry_cooling,"Campus-type facility with space for new cooling infrastructure; no site-specific water resource (coast/lake/reclaimed) or favorable climate available nearby, so a high-water-savings retrofit technology is recommended instead.",1.1889931573790973,0.0
14997588,Virginia,VA,51,Henrico County,87,Meta,,Meta Henrico Data Center,4671056.0,-77.23645509442149,37.482763284885785,campus,meta,731905,731905-USA.47_1-1400,USA.47_1,United States,Virginia,2272.30944337,Medium - High (20-40%),18.69677476056047,144.2027485118206,14.326333463191986,24.296000162760414,1124.0,19.057827408452493,73.15950865660429,False,immersion_cooling,closed_loop_dry_cooling,"Campus-type facility with space for new cooling infrastructure; no site-specific water resource (coast/lake/reclaimed) or favorable climate available nearby, so a high-water-savings retrofit technology is recommended instead.",2.3410940191280734,2.0
18518989,Alabama,AL,1,Madison County,89,Meta,,Meta Huntsville Data Center,14435561.0,-86.62831680386925,34.84424467802452,campus,meta,742623,742623-USA.1_1-1216,USA.1_1,United States,Alabama,17662.7038074,Low - Medium (10-20%),562.6535440853389,46.07741819726645,15.05433315038681,24.67066637674968,1444.0,19.67839418783489,85.14955411489372,False,immersion_cooling,closed_loop_dry_cooling,"Campus-type facility with space for new cooling infrastructure; no site-specific water resource (coast/lake/reclaimed) or favorable climate available nearby, so a high-water-savings retrofit technology is recommended instead.",1.3592511298828778,1.0
19787207,Virginia,VA,51,Prince William County,153,Microsoft,1,Microsoft Data Center 1,248706.0,-77.58237918867958,38.8024111256264,building,microsoft,731901,731901-USA.47_1-1400,USA.47_1,United States,Virginia,3775.42944138,Medium - High (20-40%),44.408744223117374,307.0434674879334,13.036666552225748,23.75599988301595,995.0,17.778876910389506,14.190425935320745,True,reclaimed_wastewater,closed_loop_dry_cooling,Within 40.2km of an EPA-identified reuse-capable treatment plant (nearest: 14.2km) -- reclaimed water can substitute for freshwater in cooling towers.,2.3410940191280734,2.0
19988712,Oregon,OR,41,Crook County,13,Meta,,Meta Prineville Datacenter,17379079.0,-120.88638228128598,44.29844323079028,campus,meta,782400,782400-USA.38_1-1189,USA.38_1,United States,Oregon,13284.6950977,Medium - High (20-40%),349.0291373073962,244.3157346014344,8.448999942590794,17.14533297220866,268.0,5.75657365994442,27.474739694629328,True,reclaimed_wastewater,air_free_cooling,Within 40.2km of an EPA-identified reuse-capable treatment plant (nearest: 27.5km) -- reclaimed water can substitute for freshwater in cooling towers.,2.054509572995166,0.0
45776978,Virginia,VA,51,Prince William County,153,Amazon Web Services,Amazon IAD11,Amazon IAD11,122474.0,-77.54111111954948,38.790500006452135,building,amazon,731901,731901-USA.47_1-1400,USA.47_1,United States,Virginia,3775.42944138,Medium - High (20-40%),39.55824752103396,307.34151130245414,13.248000080386795,24.016000111897785,984.0,17.858780671308107,9.84499036640516,True,reclaimed_wastewater,closed_loop_dry_cooling,Within 40.2km of an EPA-identified reuse-capable treatment plant (nearest: 9.8km) -- reclaimed water can substitute for freshwater in cooling towers.,2.3410940191280734,2.0
45776979,Virginia,VA,51,Prince William County,153,Amazon Web Services,IAD24,Amazon IAD24,31388.0,-77.54000633908686,38.79035015175034,building,amazon,731901,731901-USA.47_1-1400,USA.47_1,United States,Virginia,3775.42944138,Medium - High (20-40%),39.44022906419156,307.37256497039675,13.248000080386795,24.016000111897785,984.0,17.858780671308107,9.729665100080704,True,reclaimed_wastewater,closed_loop_dry_cooling,Within 40.2km of an EPA-identified reuse-capable treatment plant (nearest: 9.7km) -- reclaimed water can substitute for freshwater in cooling towers.,2.3410940191280734,2.0
45776988,Virginia,VA,51,Prince William County,153,Amazon Web Services,Amazon IAD-7,Amazon IAD7,109423.0,-77.53827709301147,38.79120375196744,building,amazon,731901,731901-USA.47_1-1400,USA.47_1,United States,Virginia,3775.42944138,Medium - High (20-40%),39.3311948479445,307.5628897803074,13.248000080386795,24.016000111897785,984.0,17.858780671308107,9.520294402401298,True,reclaimed_wastewater,closed_loop_dry_cooling,Within 40.2km of an EPA-identified reuse-capable treatment plant (nearest: 9.5km) -- reclaimed water can substitute for freshwater in cooling towers.,2.3410940191280734,2.0
48242814,Virginia,VA,51,Loudoun County,107,Amazon Web Services,IAD10,Amazon IAD10,112726.0,-77.43287558139869,39.0216455535984,building,amazon,731801,731801-USA.21_1-1400,USA.21_1,United States,Maryland,236.989313922,Medium - High (20-40%),44.05113018604055,342.44752562922173,13.19699981311957,24.07866605122884,1009.0,17.63059221844134,2.210149431777168,True,reclaimed_wastewater,closed_loop_dry_cooling,Within 40.2km of an EPA-identified reuse-capable treatment plant (nearest: 2.2km) -- reclaimed water can substitute for freshwater in cooling towers.,2.3410940191280734,2.0
48242816,Virginia,VA,51,Loudoun County,107,Amazon Web Services,IAD32,Amazon IAD32,35700.0,-77.43479445422666,39.02156932429181,building,amazon,731801,731801-USA.21_1-1400,USA.21_1,United States,Maryland,236.989313922,Medium - High (20-40%),44.2437585151251,342.35128692232,13.19699981311957,24.07866605122884,1009.0,17.63059221844134,2.0635704169931004,True,reclaimed_wastewater,closed_loop_dry_cooling,Within 40.2km of an EPA-identified reuse-capable treatment plant (nearest: 2.1km) -- reclaimed water can substitute for freshwater in cooling towers.,2.3410940191280734,2.0
222672860,Virginia,VA,51,Prince William County,153,Amazon Web Services,IAD55,Amazon IAD-55,228140.0,-77.64876376105127,38.81506150876172,building,amazon,731901,731901-USA.47_1-1400,USA.47_1,United States,Virginia,3775.42944138,Medium - High (20-40%),51.81813682233464,305.8652662965776,12.821000039577484,23.3853333791097,1010.0,17.67666939640435,21.54045775419056,True,reclaimed_wastewater,closed_loop_dry_cooling,Within 40.2km of an EPA-identified reuse-capable treatment plant (nearest: 21.5km) -- reclaimed water can substitute for freshwater in cooling towers.,2.3410940191280734,2.0
224998784,California,CA,6,Santa Clara County,85,Microsoft,,Microsoft,166655.0,-121.94643635591544,37.3620662092011,building,microsoft,774300,774300-USA.5_1-1403,USA.5_1,United States,California,95.8540797443,High (40-80%),16.189555847636232,255.34009298756823,16.171666622161865,20.847999572753903,398.0,11.92888075913928,9.929760178997162,True,reclaimed_wastewater,air_free_cooling,Within 40.2km of an EPA-identified reuse-capable treatment plant (nearest: 9.9km) -- reclaimed water can substitute for freshwater in cooling towers.,3.1643076461845405,2.0
231769626,Oregon,OR,41,Wasco County,65,Google,,Google Data Center The Dalles Oregon,1487396.0,-121.2013022306046,45.63204799165709,campus,google,782300,782300-USA.38_1-1230,USA.38_1,United States,Oregon,3092.50558357,Medium - High (20-40%),237.027023015671,382.75674079441177,12.149333119392397,21.48933219909668,432.0,10.19378756702543,23.35564689450498,True,reclaimed_wastewater,air_free_cooling,Within 40.2km of an EPA-identified reuse-capable treatment plant (nearest: 23.4km) -- reclaimed water can substitute for freshwater in cooling towers.,2.054509572995166,0.0
258343744,Virginia,VA,51,Fairfax County,59,Amazon Web Services,IAD-9,Amazon IAD-9,85855.0,-77.453440411722,38.89965169321406,building,amazon,731901,731901-USA.47_1-1400,USA.47_1,United States,Virginia,3775.42944138,Medium - High (20-40%),42.6835106966866,325.5844007015325,13.358333230018616,24.177332560221355,1013.0,17.70175298438835,9.812610456053305,True,reclaimed_wastewater,closed_loop_dry_cooling,Within 40.2km of an EPA-identified reuse-capable treatment plant (nearest: 9.8km) -- reclaimed water can substitute for freshwater in cooling towers.,2.3410940191280734,2.0
258343748,Virginia,VA,51,Fairfax County,59,,,Amazon IAD22,30140.0,-77.45510184070243,38.89790175442311,building,amazon,731901,731901-USA.47_1-1400,USA.47_1,United States,Virginia,3775.42944138,Medium - High (20-40%),42.595326135069215,325.27971470367976,13.358333230018616,24.177332560221355,1013.0,17.70175298438835,9.616332645835048,True,reclaimed_wastewater,closed_loop_dry_cooling,Within 40.2km of an EPA-identified reuse-capable treatment plant (nearest: 9.6km) -- reclaimed water can substitute for freshwater in cooling towers.,2.3410940191280734,2.0
258343749,Virginia,VA,51,Fairfax County,59,Amazon Web Services,IAD-1,Amazon IAD-1,93882.0,-77.45407518694847,38.89785914212506,building,amazon,731901,731901-USA.47_1-1400,USA.47_1,United States,Virginia,3775.42944138,Medium - High (20-40%),42.521557744615045,325.3219353133142,13.358333230018616,24.177332560221355,1013.0,17.70175298438835,9.612243450033676,True,reclaimed_wastewater,closed_loop_dry_cooling,Within 40.2km of an EPA-identified reuse-capable treatment plant (nearest: 9.6km) -- reclaimed water can substitute for freshwater in cooling towers.,2.3410940191280734,2.0
299927846,Virginia,VA,51,Loudoun County,107,Amazon Web Services,IAD76,Amazon IAD76,138071.0,-77.45050945562221,38.99378528168933,building,amazon,731801,731801-USA.21_1-1400,USA.21_1,United States,Maryland,236.989313922,Medium - High (20-40%),44.52868165338165,338.003554964056,13.299333383639654,24.203999837239586,1015.0,17.63793051602648,4.597835845813215,True,reclaimed_wastewater,closed_loop_dry_cooling,Within 40.2km of an EPA-identified reuse-capable treatment plant (nearest: 4.6km) -- reclaimed water can substitute for freshwater in cooling towers.,2.3410940191280734,2.0
299929061,Virginia,VA,51,Loudoun County,107,Amazon Web Services,Amazon IAD12,Amazon IAD12,149598.0,-77.44767141862896,38.98872330810434,building,amazon,731801,731801-USA.21_1-1400,USA.21_1,United States,Maryland,236.989313922,Medium - High (20-40%),44.01686895512217,337.4681895539678,13.299333383639654,24.203999837239586,1015.0,17.63793051602648,5.149081557899018,True,reclaimed_wastewater,closed_loop_dry_cooling,Within 40.2km of an EPA-identified reuse-capable treatment plant (nearest: 5.1km) -- reclaimed water can substitute for freshwater in cooling towers.,2.3410940191280734,2.0
300969615,Virginia,VA,51,Loudoun County,107,Amazon Web Services,,Amazon Web Services Building C,116698.0,-77.48544866796638,39.00275165389682,building,amazon,731801,731801-USA.21_1-1400,USA.21_1,United States,Maryland,236.989313922,Medium - High (20-40%),48.62396684344223,337.6338417770845,13.000666655600073,23.830666224161785,1011.0,17.623250946365115,5.5337606346398704,True,reclaimed_wastewater,closed_loop_dry_cooling,Within 40.2km of an EPA-identified reuse-capable treatment plant (nearest: 5.5km) -- reclaimed water can substitute for freshwater in cooling towers.,2.3410940191280734,2.0
364289073,Texas,TX,48,Bexar County,29,Microsoft,,Microsoft,258191.0,-98.69072125219772,29.478216376231007,building,microsoft,751940,751940-USA.44_1-1400,USA.44_1,United States,Texas,484.129686379,Medium - High (20-40%),237.90134623641643,246.6532535289866,20.11200014750163,28.05866686503093,776.0,20.145785591812693,40.55321456361268,False,closed_loop_dry_cooling,,"No site-specific water resource, favorable climate, or campus infrastructure available. Closed-loop dry cooling requires no ongoing water withdrawal and serves as the universal fallback -- always feasible, at an energy-efficiency tradeoff.",2.7627671001092096,1.0
364289074,Texas,TX,48,Bexar County,29,Microsoft,,Microsoft San Antonio,478642.0,-98.6926080915504,29.479925996060736,building,microsoft,751940,751940-USA.44_1-1400,USA.44_1,United States,Texas,484.129686379,Medium - High (20-40%),238.2043799948996,246.44044228046957,20.11200014750163,28.05866686503093,776.0,20.145785591812693,40.83632565233719,False,closed_loop_dry_cooling,,"No site-specific water resource, favorable climate, or campus infrastructure available. Closed-loop dry cooling requires no ongoing water withdrawal and serves as the universal fallback -- always feasible, at an energy-efficiency tradeoff.",2.7627671001092096,1.0
364289077,Texas,TX,48,Bexar County,29,Microsoft,,Microsoft,194916.0,-98.69655923476324,29.48106634167372,building,microsoft,751940,751940-USA.44_1-1400,USA.44_1,United States,Texas,484.129686379,Medium - High (20-40%),238.62060826777943,245.9988817265408,20.11200014750163,28.05866686503093,776.0,20.145785591812693,41.2491608700109,False,closed_loop_dry_cooling,,"No site-specific water resource, favorable climate, or campus infrastructure available. Closed-loop dry cooling requires no ongoing water withdrawal and serves as the universal fallback -- always feasible, at an energy-efficiency tradeoff.",2.7627671001092096,1.0
410408073,Washington,WA,53,Grant County,25,Microsoft,,Microsoft,151246.0,-119.88299787007462,47.23947854795628,building,microsoft,782614,782614-USA.48_1-1182,USA.48_1,United States,Washington,7100.32865787,Low (<10%),272.5631687522797,98.78308841752354,9.968666553497314,20.41599973042806,197.0,8.293464934064847,4.0696639862580986,True,reclaimed_wastewater,air_free_cooling,Within 40.2km of an EPA-identified reuse-capable treatment plant (nearest: 4.1km) -- reclaimed water can substitute for freshwater in cooling towers.,0.3893144706188369,0.0
410408074,Washington,WA,53,Grant County,25,Microsoft,,Microsoft,147922.0,-119.88308360926234,47.23857484529072,building,microsoft,782614,782614-USA.48_1-1182,USA.48_1,United States,Washington,7100.32865787,Low (<10%),272.5655709962133,98.92929704959076,9.968666553497314,20.41599973042806,197.0,8.293464934064847,4.021724657665646,True,reclaimed_wastewater,air_free_cooling,Within 40.2km of an EPA-identified reuse-capable treatment plant (nearest: 4.0km) -- reclaimed water can substitute for freshwater in cooling towers.,0.3893144706188369,0.0
414055237,Wyoming,WY,56,Laramie County,21,Microsoft,CYS,Microsoft CYS Datacenter,8353216.0,-104.90530165717428,41.12341444962218,campus,microsoft,742946,742946-USA.28_1-1303,USA.28_1,United States,Nebraska,149.941501278,High (40-80%),1646.185217520359,171.6497788467484,7.474666704734166,18.405333201090496,386.0,6.846292620627635,50.96557602022688,False,air_free_cooling,immersion_cooling,"Summer climate (avg 18.4C, dew point 6.8C) falls within ASHRAE's recommended free-air cooling envelope -- minimal-to-no evaporative water use for most of the year.",3.121575727144988,2.0
426586135,Colorado,CO,8,Adams County,1,Google,,Google - Thornton,86059.0,-104.98324467111505,39.92241855755477,building,google,742946,742946-USA.28_1-1303,USA.28_1,United States,Nebraska,149.941501278,Medium - High (20-40%),1498.1033466889903,95.35383905849062,10.342333340396484,21.565333048502605,426.0,8.420293005130805,2.1287722313667072,True,reclaimed_wastewater,air_free_cooling,Within 40.2km of an EPA-identified reuse-capable treatment plant (nearest: 2.1km) -- reclaimed water can substitute for freshwater in cooling towers.,2.797027460638943,2.0
438077632,Iowa,IA,19,Dallas County,49,Microsoft,,Microsoft,39146.0,-93.82494906980826,41.540615955851,building,microsoft,742844,742844-USA.16_1-1263,USA.16_1,United States,Iowa,5238.18251468,Low - Medium (10-20%),1590.3368797054156,554.7063590705427,9.72900011142095,22.73066711425781,854.0,17.510661895551333,115.36750378489134,False,closed_loop_dry_cooling,,"No site-specific water resource, favorable climate, or campus infrastructure available. Closed-loop dry cooling requires no ongoing water withdrawal and serves as the universal fallback -- always feasible, at an energy-efficiency tradeoff.",1.1889931573790973,0.0
438078069,Iowa,IA,19,Polk County,153,Meta,,Facebook Altoona Data Center 1,315400.0,-93.51472775765038,41.6642411277008,building,meta,742843,742843-USA.16_1-1342,USA.16_1,United States,Iowa,187.257056446,Low - Medium (10-20%),1599.8904550046182,516.5950704599067,9.655666867891949,22.86666742960612,879.0,17.348442037863606,131.66417301885912,False,closed_loop_dry_cooling,,"No site-specific water resource, favorable climate, or campus infrastructure available. Closed-loop dry cooling requires no ongoing water withdrawal and serves as the universal fallback -- always feasible, at an energy-efficiency tradeoff.",1.1889931573790973,0.0
438078070,Iowa,IA,19,Polk County,153,Meta,,Facebook Altoona Data Center 2,307370.0,-93.5081704115336,41.66553719114288,building,meta,742843,742843-USA.16_1-1342,USA.16_1,United States,Iowa,187.257056446,Low - Medium (10-20%),1599.9114095349717,515.9213943837763,9.655666867891949,22.86666742960612,879.0,17.348442037863606,132.18249967682357,False,closed_loop_dry_cooling,,"No site-specific water resource, favorable climate, or campus infrastructure available. Closed-loop dry cooling requires no ongoing water withdrawal and serves as the universal fallback -- always feasible, at an energy-efficiency tradeoff.",1.1889931573790973,0.0
460053028,Virginia,VA,51,Loudoun County,107,Amazon Web Services,,Amazon Web Services Datacenter Complex,1088049.0,-77.45106545332197,39.0265748165722,campus,amazon,731801,731801-USA.21_1-1400,USA.21_1,United States,Maryland,236.989313922,Medium - High (20-40%),46.191486176889065,342.28222227411834,13.19699981311957,24.07866605122884,1009.0,17.63059221844134,1.0173474186701,True,reclaimed_wastewater,immersion_cooling,Within 40.2km of an EPA-identified reuse-capable treatment plant (nearest: 1.0km) -- reclaimed water can substitute for freshwater in cooling towers.,2.3410940191280734,2.0
460053030,Virginia,VA,51,Loudoun County,107,Amazon Web Services,,Amazon Web Services,1022344.0,-77.4586618970949,39.02886985735719,campus,amazon,731801,731801-USA.21_1-1400,USA.21_1,United States,Maryland,236.989313922,Medium - High (20-40%),47.09852418571215,342.248275879776,13.000666655600073,23.830666224161785,1011.0,17.623250946365115,1.410807026173769,True,reclaimed_wastewater,immersion_cooling,Within 40.2km of an EPA-identified reuse-capable treatment plant (nearest: 1.4km) -- reclaimed water can substitute for freshwater in cooling towers.,2.3410940191280734,2.0
460056017,Virginia,VA,51,Loudoun County,107,Amazon Web Services,Amazon IAD-61,Amazon IAD-61,152289.0,-77.49198694607598,38.91580512574743,building,amazon,731901,731901-USA.47_1-1400,USA.47_1,United States,Virginia,3775.42944138,Medium - High (20-40%),47.1241129866067,325.92682761228,13.1063331613938,23.871999740600582,1007.0,17.72262938164933,12.311230487228729,True,reclaimed_wastewater,closed_loop_dry_cooling,Within 40.2km of an EPA-identified reuse-capable treatment plant (nearest: 12.3km) -- reclaimed water can substitute for freshwater in cooling towers.,2.3410940191280734,2.0
460056019,Virginia,VA,51,Loudoun County,107,Amazon Web Services,Amazon IAD51,Amazon IAD51,64127.0,-77.43650684069107,38.991413813734994,building,amazon,731801,731801-USA.21_1-1400,USA.21_1,United States,Maryland,236.989313922,Medium - High (20-40%),42.93933683514968,338.3253796322064,13.299333383639654,24.203999837239586,1015.0,17.63793051602648,5.003481593161284,True,reclaimed_wastewater,closed_loop_dry_cooling,Within 40.2km of an EPA-identified reuse-capable treatment plant (nearest: 5.0km) -- reclaimed water can substitute for freshwater in cooling towers.,2.3410940191280734,2.0
460056020,Virginia,VA,51,Loudoun County,107,Amazon Web Services,Amazon IAD56,Amazon IAD56,78441.0,-77.43706177436276,38.990567610094665,building,amazon,731801,731801-USA.21_1-1400,USA.21_1,United States,Maryland,236.989313922,Medium - High (20-40%),42.962361546827374,338.1895277653088,13.299333383639654,24.203999837239586,1015.0,17.63793051602648,5.080192979511894,True,reclaimed_wastewater,closed_loop_dry_cooling,Within 40.2km of an EPA-identified reuse-capable treatment plant (nearest: 5.1km) -- reclaimed water can substitute for freshwater in cooling towers.,2.3410940191280734,2.0
460056023,Virginia,VA,51,Loudoun County,107,Amazon Web Services,Amazon IAD16,Amazon IAD16,75817.0,-77.44882479290187,38.99069899784283,building,amazon,731801,731801-USA.21_1-1400,USA.21_1,United States,Maryland,236.989313922,Medium - High (20-40%),44.22052120792834,337.67496068605186,13.299333383639654,24.203999837239586,1015.0,17.63793051602648,4.931356793979754,True,reclaimed_wastewater,closed_loop_dry_cooling,Within 40.2km of an EPA-identified reuse-capable treatment plant (nearest: 4.9km) -- reclaimed water can substitute for freshwater in cooling towers.,2.3410940191280734,2.0
460056024,Virginia,VA,51,Loudoun County,107,Amazon Web Services,Amazon IAD15,Amazon IAD15,103452.0,-77.44857953268574,38.99169289545036,building,amazon,731801,731801-USA.21_1-1400,USA.21_1,United States,Maryland,236.989313922,Medium - High (20-40%),44.23550247512097,337.8161913373212,13.299333383639654,24.203999837239586,1015.0,17.63793051602648,4.8201734664648175,True,reclaimed_wastewater,closed_loop_dry_cooling,Within 40.2km of an EPA-identified reuse-capable treatment plant (nearest: 4.8km) -- reclaimed water can substitute for freshwater in cooling towers.,2.3410940191280734,2.0
460059465,Virginia,VA,51,Prince William County,153,Amazon Web Services,IAD14,Amazon IAD14,118192.0,-77.54821678521624,38.78993178096453,building,amazon,731901,731901-USA.47_1-1400,USA.47_1,United States,Virginia,3775.42944138,Medium - High (20-40%),40.214384703642494,306.9432297644704,13.1149998853604,23.82533327738444,985.0,17.845315323529746,10.62839959938974,True,reclaimed_wastewater,closed_loop_dry_cooling,Within 40.2km of an EPA-identified reuse-capable treatment plant (nearest: 10.6km) -- reclaimed water can substitute for freshwater in cooling towers.,2.3410940191280734,2.0
460060340,Virginia,VA,51,Prince William County,153,Amazon Web Services,IAD59,Amazon IAD59,127281.0,-77.54844963730864,38.79222600770484,building,amazon,731901,731901-USA.47_1-1400,USA.47_1,United States,Virginia,3775.42944138,Medium - High (20-40%),40.3930842553174,307.23168686669294,13.036666552225748,23.75599988301595,995.0,17.778876910389506,10.59933144581582,True,reclaimed_wastewater,closed_loop_dry_cooling,Within 40.2km of an EPA-identified reuse-capable treatment plant (nearest: 10.6km) -- reclaimed water can substitute for freshwater in cooling towers.,2.3410940191280734,2.0
460060341,Virginia,VA,51,Prince William County,153,Amazon Web Services,IAD52,Amazon IAD52,126699.0,-77.54837196346583,38.79106882111887,building,amazon,731901,731901-USA.47_1-1400,USA.47_1,United States,Virginia,3775.42944138,Medium - High (20-40%),40.30660773595718,307.0843709900475,13.1149998853604,23.82533327738444,985.0,17.845315323529746,10.617549876343617,True,reclaimed_wastewater,closed_loop_dry_cooling,Within 40.2km of an EPA-identified reuse-capable treatment plant (nearest: 10.6km) -- reclaimed water can substitute for freshwater in cooling towers.,2.3410940191280734,2.0
460067220,Ohio,OH,39,Licking County,89,Amazon Web Services,,Amazon Web Services Datacenter Complex,1106310.0,-82.75171093377944,40.09388273554784,campus,amazon,742678,742678-USA.36_1-1216,USA.36_1,United States,Ohio,17080.6952719,Low (<10%),646.2991915488582,193.24743155918028,10.222666746626295,21.429333368937176,1003.0,16.320681457237537,33.04365437680673,True,reclaimed_wastewater,immersion_cooling,Within 40.2km of an EPA-identified reuse-capable treatment plant (nearest: 33.0km) -- reclaimed water can substitute for freshwater in cooling towers.,0.9286729699549354,0.0
460067225,Ohio,OH,39,Franklin County,49,Amazon Web Services us-east-2 datacenter,,Amazon AWS: Hilliard Data Center,2578490.0,-83.13425799033122,40.05990219147888,campus,amazon,742678,742678-USA.36_1-1216,USA.36_1,United States,Ohio,17080.6952719,Low (<10%),684.3284683643693,203.02131362911967,11.000666591028372,22.465333302815758,954.0,16.585960350572886,45.73459756707012,False,immersion_cooling,closed_loop_dry_cooling,"Campus-type facility with space for new cooling infrastructure; no site-specific water resource (coast/lake/reclaimed) or favorable climate available nearby, so a high-water-savings retrofit technology is recommended instead.",0.9286729699549354,0.0
460070143,Oregon,OR,41,Umatilla County,59,Amazon Web Services,PDX2,Amazon PDX2,133053.0,-119.26777584933068,45.91640356429687,building,amazon,782507,782507-USA.38_1-1182,USA.38_1,United States,Oregon,348.363521335,Medium - High (20-40%),412.91104033942906,322.39913954430125,11.897333284219108,21.93999989827474,229.0,9.170271107743783,15.717387056388876,True,reclaimed_wastewater,air_free_cooling,Within 40.2km of an EPA-identified reuse-capable treatment plant (nearest: 15.7km) -- reclaimed water can substitute for freshwater in cooling towers.,2.054509572995166,0.0
460070144,Oregon,OR,41,Morrow County,49,Amazon Web Services,PDX4,Amazon Web Services us-west-2,127483.0,-119.65276874957644,45.84100319369004,building,amazon,782505,782505-USA.38_1-1182,USA.38_1,United States,Oregon,1154.52246441,Medium - High (20-40%),384.60235618064127,326.57400037359315,11.958666761716207,21.76800028483073,207.0,9.477197734796883,19.118194542129988,True,reclaimed_wastewater,air_free_cooling,Within 40.2km of an EPA-identified reuse-capable treatment plant (nearest: 19.1km) -- reclaimed water can substitute for freshwater in cooling towers.,2.054509572995166,0.0
460070145,Oregon,OR,41,Morrow County,49,Amazon Web Services,PDX50/53,Amazon Web Services us-west-2,267452.0,-119.62988821726834,45.85223533738975,building,amazon,782505,782505-USA.38_1-1182,USA.38_1,United States,Oregon,1154.52246441,Medium - High (20-40%),385.5511778955973,325.08691910928667,11.958666761716207,21.76800028483073,207.0,9.477197734796883,16.313689326726017,True,reclaimed_wastewater,air_free_cooling,Within 40.2km of an EPA-identified reuse-capable treatment plant (nearest: 16.3km) -- reclaimed water can substitute for freshwater in cooling towers.,2.054509572995166,0.0
460070147,Oregon,OR,41,Morrow County,49,Amazon Web Services,PDX1,Amazon Web Services us-west-2,103260.0,-119.6305237000272,45.85088075126984,building,amazon,782505,782505-USA.38_1-1182,USA.38_1,United States,Oregon,1154.52246441,Medium - High (20-40%),385.6245699449175,325.2933443485351,11.958666761716207,21.76800028483073,207.0,9.477197734796883,16.426088463757857,True,reclaimed_wastewater,air_free_cooling,Within 40.2km of an EPA-identified reuse-capable treatment plant (nearest: 16.4km) -- reclaimed water can substitute for freshwater in cooling towers.,2.054509572995166,0.0
460089167,North Carolina,NC,37,Rutherford County,161,Meta,FRC,Meta Forest City datacenter,241126.0,-81.82213877550394,35.3142312569782,building,meta,732402,732402-USA.34_1-1414,USA.34_1,United States,North Carolina,3933.69296672,Medium - High (20-40%),385.9112713950021,149.19337009352122,14.88066679239273,24.4386666615804,1289.0,19.064612931750144,141.56760270467572,False,closed_loop_dry_cooling,,"No site-specific water resource, favorable climate, or campus infrastructure available. Closed-loop dry cooling requires no ongoing water withdrawal and serves as the universal fallback -- always feasible, at an energy-efficiency tradeoff.",2.3695891571081926,2.0
460089168,North Carolina,NC,37,Rutherford County,161,Meta,FRC,Meta Forest City datacenter,244176.0,-81.82632689449466,35.31737236865609,building,meta,732402,732402-USA.34_1-1414,USA.34_1,United States,North Carolina,3933.69296672,Medium - High (20-40%),386.5444299720904,149.1176194272136,14.88066679239273,24.4386666615804,1289.0,19.064612931750144,140.9889489061213,False,closed_loop_dry_cooling,,"No site-specific water resource, favorable climate, or campus infrastructure available. Closed-loop dry cooling requires no ongoing water withdrawal and serves as the universal fallback -- always feasible, at an energy-efficiency tradeoff.",2.3695891571081926,2.0
460175672,Virginia,VA,51,Loudoun County,107,Amazon Web Services,,AWS Building E,153355.0,-77.48561242978808,39.00505158640794,building,amazon,731801,731801-USA.21_1-1400,USA.21_1,United States,Maryland,236.989313922,Medium - High (20-40%),48.74013725527808,337.9297525558424,13.000666655600073,23.830666224161785,1011.0,17.623250946365115,5.385706207864749,True,reclaimed_wastewater,closed_loop_dry_cooling,Within 40.2km of an EPA-identified reuse-capable treatment plant (nearest: 5.4km) -- reclaimed water can substitute for freshwater in cooling towers.,2.3410940191280734,2.0
463571875,Virginia,VA,51,Loudoun County,107,Amazon Web Services,IAD78,Amazon IAD78,147979.0,-77.44952022668694,39.02636804262541,building,amazon,731801,731801-USA.21_1-1400,USA.21_1,United States,Maryland,236.989313922,Medium - High (20-40%),46.02139630370219,342.3235981354446,13.19699981311957,24.07866605122884,1009.0,17.63059221844134,0.9872762638897562,True,reclaimed_wastewater,closed_loop_dry_cooling,Within 40.2km of an EPA-identified reuse-capable treatment plant (nearest: 1.0km) -- reclaimed water can substitute for freshwater in cooling towers.,2.3410940191280734,2.0
463571876,Virginia,VA,51,Loudoun County,107,Amazon Web Services,IAD79,Amazon IAD79,148678.0,-77.45087034712718,39.026357370464034,building,amazon,731801,731801-USA.21_1-1400,USA.21_1,United States,Maryland,236.989313922,Medium - High (20-40%),46.15942061550968,342.2622935773897,13.19699981311957,24.07866605122884,1009.0,17.63059221844134,1.0318193855087023,True,reclaimed_wastewater,closed_loop_dry_cooling,Within 40.2km of an EPA-identified reuse-capable treatment plant (nearest: 1.0km) -- reclaimed water can substitute for freshwater in cooling towers.,2.3410940191280734,2.0
465062052,Virginia,VA,51,Loudoun County,107,Amazon Web Services,IAD87,Amazon IAD87,147390.0,-77.44116774003697,38.99181366629844,building,amazon,731801,731801-USA.21_1-1400,USA.21_1,United States,Maryland,236.989313922,Medium - High (20-40%),43.45176649240713,338.16648062350527,13.299333383639654,24.203999837239586,1015.0,17.63793051602648,4.857882793664555,True,reclaimed_wastewater,closed_loop_dry_cooling,Within 40.2km of an EPA-identified reuse-capable treatment plant (nearest: 4.9km) -- reclaimed water can substitute for freshwater in cooling towers.,2.3410940191280734,2.0
465062053,Virginia,VA,51,Loudoun County,107,Amazon Web Services,IAD88,Amazon IAD88,147468.0,-77.44187048800238,38.99096434751658,building,amazon,731801,731801-USA.21_1-1400,USA.21_1,United States,Maryland,236.989313922,Medium - High (20-40%),43.49069864520713,338.0235444100155,13.299333383639654,24.203999837239586,1015.0,17.63793051602648,4.940692489459295,True,reclaimed_wastewater,closed_loop_dry_cooling,Within 40.2km of an EPA-identified reuse-capable treatment plant (nearest: 4.9km) -- reclaimed water can substitute for freshwater in cooling towers.,2.3410940191280734,2.0
490997243,Virginia,VA,51,Prince William County,153,Amazon Web Services,IAD73,Amazon IAD73,146162.0,-77.55909921912577,38.77797945837826,building,amazon,731901,731901-USA.47_1-1400,USA.47_1,United States,Virginia,3775.42944138,Medium - High (20-40%),40.52814497790024,304.89049056255806,13.1149998853604,23.82533327738444,985.0,17.845315323529746,12.149422374003333,True,reclaimed_wastewater,closed_loop_dry_cooling,Within 40.2km of an EPA-identified reuse-capable treatment plant (nearest: 12.1km) -- reclaimed water can substitute for freshwater in cooling towers.,2.3410940191280734,2.0
490997244,Virginia,VA,51,Prince William County,153,Amazon Web Services,IAD74,Amazon IAD74,147480.0,-77.55789122919084,38.77743693462092,building,amazon,731901,731901-USA.47_1-1400,USA.47_1,United States,Virginia,3775.42944138,Medium - High (20-40%),40.37347034113037,304.874615159654,13.1149998853604,23.82533327738444,985.0,17.845315323529746,12.040412156532726,True,reclaimed_wastewater,closed_loop_dry_cooling,Within 40.2km of an EPA-identified reuse-capable treatment plant (nearest: 12.0km) -- reclaimed water can substitute for freshwater in cooling towers.,2.3410940191280734,2.0
499403180,Washington,WA,53,Grant County,25,Microsoft,,Microsoft,143439.0,-119.8874068597649,47.23948680981334,building,microsoft,782614,782614-USA.48_1-1182,USA.48_1,United States,Washington,7100.32865787,Low (<10%),272.0738352590808,98.72863405004745,9.968666553497314,20.41599973042806,197.0,8.293464934064847,4.4832090657193735,True,reclaimed_wastewater,air_free_cooling,Within 40.2km of an EPA-identified reuse-capable treatment plant (nearest: 4.5km) -- reclaimed water can substitute for freshwater in cooling towers.,0.3893144706188369,0.0
500820007,Texas,TX,48,Tarrant County,439,Meta,,Facebook Fort Worth Datacenter,634395.0,-97.25934313221772,32.98378403788744,building,meta,751408,751408-USA.44_1-1363,USA.44_1,United States,Texas,5459.3442243,Medium - High (20-40%),488.0763792166845,117.64695027611346,18.2826665242513,28.3386656443278,883.0,19.850064382417987,39.56070977690432,True,reclaimed_wastewater,closed_loop_dry_cooling,Within 40.2km of an EPA-identified reuse-capable treatment plant (nearest: 39.6km) -- reclaimed water can substitute for freshwater in cooling towers.,2.7627671001092096,1.0
544596573,Virginia,VA,51,Loudoun County,107,Amazon Web Services,IAD63,Amazon IAD63,143980.0,-77.49325147292357,38.9168847531172,building,amazon,731901,731901-USA.47_1-1400,USA.47_1,United States,Virginia,3775.42944138,Medium - High (20-40%),47.33256788125577,326.01124877755007,13.052333163718382,23.8973331451416,1013.0,17.660974267677524,12.471627877495298,True,reclaimed_wastewater,closed_loop_dry_cooling,Within 40.2km of an EPA-identified reuse-capable treatment plant (nearest: 12.5km) -- reclaimed water can substitute for freshwater in cooling towers.,2.3410940191280734,2.0
545396372,Virginia,VA,51,Loudoun County,107,Amazon Web Services,IAD62,Amazon IAD62,149941.0,-77.51987469094145,38.94932164782646,building,amazon,731801,731801-USA.21_1-1400,USA.21_1,United States,Maryland,236.989313922,Medium - High (20-40%),50.72064188285589,329.09327879687044,12.783999917407831,23.53466669718425,1013.0,17.638978155379732,12.4686605113105,True,reclaimed_wastewater,closed_loop_dry_cooling,Within 40.2km of an EPA-identified reuse-capable treatment plant (nearest: 12.5km) -- reclaimed water can substitute for freshwater in cooling towers.,2.3410940191280734,2.0
545730285,Iowa,IA,19,Polk County,153,Meta,,Altoona Meta Data Center,26568553.0,-93.51143854964342,41.66969372876868,campus,meta,742843,742843-USA.16_1-1342,USA.16_1,United States,Iowa,187.257056446,Low - Medium (10-20%),1600.5975968357293,515.7816080074083,9.508333404858908,22.62933349609375,873.0,17.31859675832411,131.6213836108495,False,immersion_cooling,closed_loop_dry_cooling,"Campus-type facility with space for new cooling infrastructure; no site-specific water resource (coast/lake/reclaimed) or favorable climate available nearby, so a high-water-savings retrofit technology is recommended instead.",1.1889931573790973,0.0
556564909,Iowa,IA,19,Polk County,153,Meta,,Facebook Altoona Data Center 3,377755.0,-93.50646556541808,41.66707142244616,building,meta,742843,742843-USA.16_1-1342,USA.16_1,United States,Iowa,187.257056446,Low - Medium (10-20%),1600.0906096391957,515.6276180734934,9.508333404858908,22.62933349609375,873.0,17.31859675832411,132.2423904904101,False,closed_loop_dry_cooling,,"No site-specific water resource, favorable climate, or campus infrastructure available. Closed-loop dry cooling requires no ongoing water withdrawal and serves as the universal fallback -- always feasible, at an energy-efficiency tradeoff.",1.1889931573790973,0.0
556599693,Virginia,VA,51,Loudoun County,107,Amazon Web Services,IAD71,Amazon IAD71,121176.0,-77.4575028799799,39.02790807231044,building,amazon,731801,731801-USA.21_1-1400,USA.21_1,United States,Maryland,236.989313922,Medium - High (20-40%),46.92637884522803,342.1728301513555,13.19699981311957,24.07866605122884,1009.0,17.63059221844134,1.3590547561419797,True,reclaimed_wastewater,closed_loop_dry_cooling,Within 40.2km of an EPA-identified reuse-capable treatment plant (nearest: 1.4km) -- reclaimed water can substitute for freshwater in cooling towers.,2.3410940191280734,2.0
556599694,Virginia,VA,51,Loudoun County,107,Amazon Web Services,IAD50,Amazon IAD50,202194.0,-77.45968288935686,39.02956976120693,building,amazon,731801,731801-USA.21_1-1400,USA.21_1,United States,Maryland,236.989313922,Medium - High (20-40%),47.24210382316836,342.295417430524,13.000666655600073,23.830666224161785,1011.0,17.623250946365115,1.477413210720552,True,reclaimed_wastewater,closed_loop_dry_cooling,Within 40.2km of an EPA-identified reuse-capable treatment plant (nearest: 1.5km) -- reclaimed water can substitute for freshwater in cooling towers.,2.3410940191280734,2.0
556599695,Virginia,VA,51,Loudoun County,107,Amazon Web Services,IAD60,Amazon IAD60,110965.0,-77.4582461041282,39.02877370248201,building,amazon,731801,731801-USA.21_1-1400,USA.21_1,United States,Maryland,236.989313922,Medium - High (20-40%),47.05050630850314,342.253948671445,13.19699981311957,24.07866605122884,1009.0,17.63059221844134,1.3759466094254669,True,reclaimed_wastewater,closed_loop_dry_cooling,Within 40.2km of an EPA-identified reuse-capable treatment plant (nearest: 1.4km) -- reclaimed water can substitute for freshwater in cooling towers.,2.3410940191280734,2.0
562775657,Ohio,OH,39,Licking County,89,Amazon Web Services,CMH50,Amazon Web Services  CMH50,161683.0,-82.75133937578003,40.09462975659448,building,amazon,742678,742678-USA.36_1-1216,USA.36_1,United States,Ohio,17080.6952719,Low (<10%),646.3010389900861,193.1339504133004,10.222666746626295,21.429333368937176,1003.0,16.320681457237537,32.982249016579594,True,reclaimed_wastewater,closed_loop_dry_cooling,Within 40.2km of an EPA-identified reuse-capable treatment plant (nearest: 33.0km) -- reclaimed water can substitute for freshwater in cooling towers.,0.9286729699549354,0.0
578412815,New Mexico,NM,35,Valencia County,61,Meta,,Meta Los Lunas Data Center,21836553.0,-106.77989614196927,34.8302282334924,campus,meta,752195,752195-USA.32_1-1048,USA.32_1,United States,New Mexico,164.79053208,High (40-80%),851.3833128348949,202.14624591793927,13.036333392063776,23.362667083740234,242.0,10.351648912584814,24.555896926816587,True,reclaimed_wastewater,air_free_cooling,Within 40.2km of an EPA-identified reuse-capable treatment plant (nearest: 24.6km) -- reclaimed water can substitute for freshwater in cooling towers.,3.993554666437404,1.0
578435601,Georgia,GA,13,Douglas County,97,Google,,Google Datacenter - Douglas County,2608502.0,-84.58522343651347,33.7505902365265,campus,google,732609,732609-USA.1_1-1400,USA.1_1,United States,Alabama,111.022738495,Low - Medium (10-20%),445.3773611427596,79.63569086076131,16.105666438738506,25.141332626342773,1310.0,19.682143830487806,7.223400057743397,True,reclaimed_wastewater,immersion_cooling,Within 40.2km of an EPA-identified reuse-capable treatment plant (nearest: 7.2km) -- reclaimed water can substitute for freshwater in cooling towers.,1.7198213494300847,2.0
578438011,Iowa,IA,19,Pottawattamie County,155,Google,,Google,2304742.0,-95.86449775401766,41.22165804807755,campus,google,742951,742951-USA.16_1-1263,USA.16_1,United States,Iowa,11463.5221858,Low - Medium (10-20%),1559.412045482863,406.6986795110541,10.588333249092102,23.799999872843426,779.0,17.445100511944982,6.570860122894195,True,reclaimed_wastewater,immersion_cooling,Within 40.2km of an EPA-identified reuse-capable treatment plant (nearest: 6.6km) -- reclaimed water can substitute for freshwater in cooling towers.,1.1889931573790973,0.0
578443547,Illinois,IL,17,Cook County,31,Microsoft,,Microsoft - Azure Datacenter,306766.0,-87.91824122484651,41.923005619536646,building,microsoft,742827,742827-USA.14_1-1216,USA.14_1,United States,Illinois,6395.55045851,Low - Medium (10-20%),1281.0339413155634,30.214101324900067,9.82966681321462,22.26133346557617,923.0,16.226842342240104,83.26747115292441,False,closed_loop_dry_cooling,,"No site-specific water resource, favorable climate, or campus infrastructure available. Closed-loop dry cooling requires no ongoing water withdrawal and serves as the universal fallback -- always feasible, at an energy-efficiency tradeoff.",1.4063494958910283,0.5
592171280,Oregon,OR,41,Morrow County,49,Amazon Web Services,PDX52,Amazon Web Services us-west-2,151857.0,-119.65497937870389,45.8404435353901,building,amazon,782505,782505-USA.38_1-1182,USA.38_1,United States,Oregon,1154.52246441,Medium - High (20-40%),384.46093097149753,326.63541636377505,11.958666761716207,21.76800028483073,207.0,9.477197734796883,19.371064947433243,True,reclaimed_wastewater,air_free_cooling,Within 40.2km of an EPA-identified reuse-capable treatment plant (nearest: 19.4km) -- reclaimed water can substitute for freshwater in cooling towers.,2.054509572995166,0.0
592257327,Oregon,OR,41,Umatilla County,59,Amazon Web Services,PDX51/54,Amazon PDX51/54,260806.0,-119.26773387516516,45.91744776004561,building,amazon,782507,782507-USA.38_1-1182,USA.38_1,United States,Oregon,348.363521335,Medium - High (20-40%),412.8255400998172,322.2383599642171,11.95699988802274,21.935999552408852,223.0,9.219552654914624,15.82603083284471,True,reclaimed_wastewater,air_free_cooling,Within 40.2km of an EPA-identified reuse-capable treatment plant (nearest: 15.8km) -- reclaimed water can substitute for freshwater in cooling towers.,2.054509572995166,0.0
596690174,Virginia,VA,51,Loudoun County,107,Amazon Web Services,IAD80,Amazon IAD80,150443.0,-77.4528288502262,39.027108657277445,building,amazon,731801,731801-USA.21_1-1400,USA.21_1,United States,Maryland,236.989313922,Medium - High (20-40%),46.40209953233754,342.2742695263252,13.19699981311957,24.07866605122884,1009.0,17.63059221844134,1.0572478662137923,True,reclaimed_wastewater,closed_loop_dry_cooling,Within 40.2km of an EPA-identified reuse-capable treatment plant (nearest: 1.1km) -- reclaimed water can substitute for freshwater in cooling towers.,2.3410940191280734,2.0
610827836,South Carolina,SC,45,Berkeley County,15,Google,,Google,146623.0,-80.04145344691864,33.064272175156404,building,google,732510,732510-USA.11_1-1400,USA.11_1,United States,Georgia,2.60904634465,Low - Medium (10-20%),30.167854308664317,20.173344480798857,18.13066673278809,26.332000096639,1281.0,21.47691696876204,123.15403492247366,False,closed_loop_dry_cooling,,"No site-specific water resource, favorable climate, or campus infrastructure available. Closed-loop dry cooling requires no ongoing water withdrawal and serves as the universal fallback -- always feasible, at an energy-efficiency tradeoff.",1.8697480022786608,1.5
626226408,South Carolina,SC,45,Berkeley County,15,Google,,Google Berkeley County Data Center,8310940.0,-80.04215854242156,33.06378014460109,campus,google,732510,732510-USA.11_1-1400,USA.11_1,United States,Georgia,2.60904634465,Low - Medium (10-20%),30.137529791511948,20.24223148639351,18.215333223342896,26.414666493733723,1287.0,21.44370662988865,123.24945292435018,False,immersion_cooling,closed_loop_dry_cooling,"Campus-type facility with space for new cooling infrastructure; no site-specific water resource (coast/lake/reclaimed) or favorable climate available nearby, so a high-water-savings retrofit technology is recommended instead.",1.8697480022786608,1.5
626785488,New Mexico,NM,35,Valencia County,61,Meta,3,Meta,654433.0,-106.78382909936067,34.830246608460115,building,meta,752195,752195-USA.32_1-1048,USA.32_1,United States,New Mexico,164.79053208,High (40-80%),851.0259197671893,202.05251360914184,13.036333392063776,23.362667083740234,242.0,10.351648912584814,24.787463585647423,True,reclaimed_wastewater,air_free_cooling,Within 40.2km of an EPA-identified reuse-capable treatment plant (nearest: 24.8km) -- reclaimed water can substitute for freshwater in cooling towers.,3.993554666437404,1.0
633034071,Oregon,OR,41,Morrow County,49,Amazon Web Services,PDX58/61,Amazon Web Services us-west-2,284033.0,-119.65793309033624,45.841413570882,building,amazon,782505,782505-USA.38_1-1182,USA.38_1,United States,Oregon,1154.52246441,Medium - High (20-40%),384.1055210004645,326.4449647361572,11.958666761716207,21.76800028483073,207.0,9.477197734796883,19.649661475473536,True,reclaimed_wastewater,air_free_cooling,Within 40.2km of an EPA-identified reuse-capable treatment plant (nearest: 19.6km) -- reclaimed water can substitute for freshwater in cooling towers.,2.054509572995166,0.0
639176155,Texas,TX,48,Bexar County,29,Microsoft,,Microsoft TRP2,169781.0,-98.80398520347534,29.41195432542485,building,microsoft,751940,751940-USA.44_1-1400,USA.44_1,United States,Texas,484.129686379,Medium - High (20-40%),241.41755512912135,234.31672300528777,19.868666728337605,27.73733329772949,736.0,20.102781523385143,43.29707373659955,False,closed_loop_dry_cooling,,"No site-specific water resource, favorable climate, or campus infrastructure available. Closed-loop dry cooling requires no ongoing water withdrawal and serves as the universal fallback -- always feasible, at an energy-efficiency tradeoff.",2.7627671001092096,1.0
639176157,Texas,TX,48,Bexar County,29,Microsoft,,Microsoft TRP1,177468.0,-98.80273022506276,29.41201232003809,building,microsoft,751940,751940-USA.44_1-1400,USA.44_1,United States,Texas,484.129686379,Medium - High (20-40%),241.31741104183584,234.4558813287996,19.868666728337605,27.73733329772949,736.0,20.102781523385143,43.38255118054269,False,closed_loop_dry_cooling,,"No site-specific water resource, favorable climate, or campus infrastructure available. Closed-loop dry cooling requires no ongoing water withdrawal and serves as the universal fallback -- always feasible, at an energy-efficiency tradeoff.",2.7627671001092096,1.0
667573133,Virginia,VA,51,Prince William County,153,Amazon IAD85,IAD85,Amazon Web Services,149064.0,-77.54172453948773,38.779381509444576,building,amazon,731901,731901-USA.47_1-1400,USA.47_1,United States,Virginia,3775.42944138,Medium - High (20-40%),38.87772938067956,305.86648140273115,13.1149998853604,23.82533327738444,985.0,17.845315323529746,10.271992748581356,True,reclaimed_wastewater,closed_loop_dry_cooling,Within 40.2km of an EPA-identified reuse-capable treatment plant (nearest: 10.3km) -- reclaimed water can substitute for freshwater in cooling towers.,2.3410940191280734,2.0
671301768,Ohio,OH,39,Licking County,89,Meta,,Meta New Albany Data Center,663238.0,-82.7503408359755,40.06840826479164,building,meta,742694,742694-USA.36_1-1216,USA.36_1,United States,Ohio,20640.7881708,Low (<10%),644.7938297735938,196.8955204081318,10.3306667652602,21.53466669718425,1001.0,16.370229291372414,35.73818830110789,True,reclaimed_wastewater,closed_loop_dry_cooling,Within 40.2km of an EPA-identified reuse-capable treatment plant (nearest: 35.7km) -- reclaimed water can substitute for freshwater in cooling towers.,0.9286729699549354,0.0
673145182,Texas,TX,48,Tarrant County,439,Meta,,Facebook Fort Worth Datacenter,435206.0,-97.25507514509351,32.984993663270515,building,meta,751408,751408-USA.44_1-1363,USA.44_1,United States,Texas,5459.3442243,Medium - High (20-40%),487.9761718252471,117.29166930347196,18.2826665242513,28.3386656443278,883.0,19.850064382417987,39.97708769350737,True,reclaimed_wastewater,closed_loop_dry_cooling,Within 40.2km of an EPA-identified reuse-capable treatment plant (nearest: 40.0km) -- reclaimed water can substitute for freshwater in cooling towers.,2.7627671001092096,1.0
673532692,Ohio,OH,39,Franklin County,49,Amazon Web Services,,Amazon Web Services,161809.0,-83.13517288858029,40.06115215749759,building,amazon,742678,742678-USA.36_1-1216,USA.36_1,United States,Ohio,17080.6952719,Low (<10%),684.4864403841277,202.8523928202049,11.000666591028372,22.465333302815758,954.0,16.585960350572886,45.69737344981564,False,closed_loop_dry_cooling,,"No site-specific water resource, favorable climate, or campus infrastructure available. Closed-loop dry cooling requires no ongoing water withdrawal and serves as the universal fallback -- always feasible, at an energy-efficiency tradeoff.",0.9286729699549354,0.0
675108684,Virginia,VA,51,Mecklenburg County,117,Microsoft,,Microsoft Boydton Data Center,11273954.0,-78.37655327186563,36.685373308018725,campus,microsoft,732140,732140-USA.34_1-1400,USA.34_1,United States,North Carolina,2518.39860182,Medium - High (20-40%),150.966328180636,8.536450322717302,14.243999739487966,24.161332448323567,1086.0,19.02191923679829,104.44170952592684,False,seawater_lake_cooling,immersion_cooling,"Within 10km of a coastline or major lake (coast: 151km, lake: 9km) -- direct water-body cooling is feasible with minimal new infrastructure.",2.3410940191280734,2.0
693381106,Virginia,VA,51,Loudoun County,107,Amazon Web Services,IAD68,Amazon IAD68,181794.0,-77.52095152964785,38.94868695570169,building,amazon,731801,731801-USA.21_1-1400,USA.21_1,United States,Maryland,236.989313922,Medium - High (20-40%),50.82740529843988,328.96280219543223,12.783999917407831,23.53466669718425,1013.0,17.638978155379732,12.599896579815512,True,reclaimed_wastewater,closed_loop_dry_cooling,Within 40.2km of an EPA-identified reuse-capable treatment plant (nearest: 12.6km) -- reclaimed water can substitute for freshwater in cooling towers.,2.3410940191280734,2.0
693381107,Virginia,VA,51,Loudoun County,107,Amazon Web Services,IAD81,Amazon IAD81,184907.0,-77.52183101959601,38.94838582329714,building,amazon,731801,731801-USA.21_1-1400,USA.21_1,United States,Maryland,236.989313922,Medium - High (20-40%),50.91881560879591,328.8848761407261,12.783999917407831,23.53466669718425,1013.0,17.638978155379732,12.688852739486418,True,reclaimed_wastewater,closed_loop_dry_cooling,Within 40.2km of an EPA-identified reuse-capable treatment plant (nearest: 12.7km) -- reclaimed water can substitute for freshwater in cooling towers.,2.3410940191280734,2.0
693385812,Virginia,VA,51,Loudoun County,107,Google,ARA1,Google,215928.0,-77.5243689977558,38.943153938233976,building,google,731801,731801-USA.21_1-1400,USA.21_1,United States,Maryland,236.989313922,Medium - High (20-40%),51.10712202639003,328.0851608651786,12.783999917407831,23.53466669718425,1013.0,17.638978155379732,13.315236953780438,True,reclaimed_wastewater,closed_loop_dry_cooling,Within 40.2km of an EPA-identified reuse-capable treatment plant (nearest: 13.3km) -- reclaimed water can substitute for freshwater in cooling towers.,2.3410940191280734,2.0
693390022,Virginia,VA,51,Loudoun County,107,Amazon Web Services,IAD120,Amazon IAD120,188334.0,-77.49806149327199,38.95792208165856,building,amazon,731801,731801-USA.21_1-1400,USA.21_1,United States,Maryland,236.989313922,Medium - High (20-40%),48.50337999012437,331.18044478232,13.052333163718382,23.8973331451416,1013.0,17.660974267677524,10.248663305825906,True,reclaimed_wastewater,closed_loop_dry_cooling,Within 40.2km of an EPA-identified reuse-capable treatment plant (nearest: 10.2km) -- reclaimed water can substitute for freshwater in cooling towers.,2.3410940191280734,2.0
693390023,Virginia,VA,51,Loudoun County,107,Amazon Web Services,IAD121,Amazon IAD121,154814.0,-77.49778688217901,38.95678305314267,building,amazon,731801,731801-USA.21_1-1400,USA.21_1,United States,Maryland,236.989313922,Medium - High (20-40%),48.44654823534261,331.0428200112533,13.052333163718382,23.8973331451416,1013.0,17.660974267677524,10.338329960602824,True,reclaimed_wastewater,closed_loop_dry_cooling,Within 40.2km of an EPA-identified reuse-capable treatment plant (nearest: 10.3km) -- reclaimed water can substitute for freshwater in cooling towers.,2.3410940191280734,2.0
694493125,Washington,WA,53,Grant County,25,Microsoft,,Microsoft,112036.0,-119.88757256028282,47.23765678799786,building,microsoft,782614,782614-USA.48_1-1182,USA.48_1,United States,Washington,7100.32865787,Low (<10%),272.07970497593647,99.02506218294684,9.968666553497314,20.41599973042806,197.0,8.293464934064847,4.39847186951513,True,reclaimed_wastewater,air_free_cooling,Within 40.2km of an EPA-identified reuse-capable treatment plant (nearest: 4.4km) -- reclaimed water can substitute for freshwater in cooling towers.,0.3893144706188369,0.0
694493126,Washington,WA,53,Grant County,25,Microsoft,,Microsoft,116001.0,-119.88319809847748,47.23762824027307,building,microsoft,782614,782614-USA.48_1-1182,USA.48_1,United States,Washington,7100.32865787,Low (<10%),272.5654355337752,99.08214881216804,9.968666553497314,20.41599973042806,197.0,8.293464934064847,3.975972073345345,True,reclaimed_wastewater,air_free_cooling,Within 40.2km of an EPA-identified reuse-capable treatment plant (nearest: 4.0km) -- reclaimed water can substitute for freshwater in cooling towers.,0.3893144706188369,0.0
694493127,Washington,WA,53,Grant County,25,Microsoft,,Microsoft,157191.0,-119.88329009579328,47.23672160801631,building,microsoft,782614,782614-USA.48_1-1182,USA.48_1,United States,Washington,7100.32865787,Low (<10%),272.5673480080092,99.22876769368474,9.968666553497314,20.41599973042806,197.0,8.293464934064847,3.9326392808909647,True,reclaimed_wastewater,air_free_cooling,Within 40.2km of an EPA-identified reuse-capable treatment plant (nearest: 3.9km) -- reclaimed water can substitute for freshwater in cooling towers.,0.3893144706188369,0.0
694493128,Washington,WA,53,Grant County,25,Microsoft,,Microsoft,162608.0,-119.88747588150468,47.236737102694434,building,microsoft,782614,782614-USA.48_1-1182,USA.48_1,United States,Washington,7100.32865787,Low (<10%),272.1027446976274,99.17614431318329,9.968666553497314,20.41599973042806,197.0,8.293464934064847,4.341099511081297,True,reclaimed_wastewater,air_free_cooling,Within 40.2km of an EPA-identified reuse-capable treatment plant (nearest: 4.3km) -- reclaimed water can substitute for freshwater in cooling towers.,0.3893144706188369,0.0
697020849,Virginia,VA,51,Loudoun County,107,Amazon Web Services,IAD58,Amazon IAD58,136770.0,-77.44184182852638,38.986278739590496,building,amazon,731801,731801-USA.21_1-1400,USA.21_1,United States,Maryland,236.989313922,Medium - High (20-40%),43.29576817257328,337.4117860702066,13.299333383639654,24.203999837239586,1015.0,17.63793051602648,5.458184329894218,True,reclaimed_wastewater,closed_loop_dry_cooling,Within 40.2km of an EPA-identified reuse-capable treatment plant (nearest: 5.5km) -- reclaimed water can substitute for freshwater in cooling towers.,2.3410940191280734,2.0
697020850,Virginia,VA,51,Loudoun County,107,Amazon Web Services,IAD57,Amazon IAD57,116533.0,-77.44263838662451,38.98699723329166,building,amazon,731801,731801-USA.21_1-1400,USA.21_1,United States,Maryland,236.989313922,Medium - High (20-40%),43.40967740217702,337.4696977725836,13.299333383639654,24.203999837239586,1015.0,17.63793051602648,5.369077273479877,True,reclaimed_wastewater,closed_loop_dry_cooling,Within 40.2km of an EPA-identified reuse-capable treatment plant (nearest: 5.4km) -- reclaimed water can substitute for freshwater in cooling towers.,2.3410940191280734,2.0
697021948,Virginia,VA,51,Prince William County,153,Amazon Web Services,IAD64,Amazon IAD64,147547.0,-77.65291934437082,38.81513240657421,building,amazon,731901,731901-USA.47_1-1400,USA.47_1,United States,Virginia,3775.42944138,Medium - High (20-40%),52.239182380009154,305.70206614556287,12.821000039577484,23.3853333791097,1010.0,17.67666939640435,22.00260409629496,True,reclaimed_wastewater,closed_loop_dry_cooling,Within 40.2km of an EPA-identified reuse-capable treatment plant (nearest: 22.0km) -- reclaimed water can substitute for freshwater in cooling towers.,2.3410940191280734,2.0
697021949,Virginia,VA,51,Prince William County,153,Amazon,,,1278242.0,-77.65269565653946,38.81581597741176,campus,amazon,731901,731901-USA.47_1-1400,USA.47_1,United States,Virginia,3775.42944138,Medium - High (20-40%),52.2591024868354,305.8019757024311,12.821000039577484,23.3853333791097,1010.0,17.67666939640435,21.979294574998907,True,reclaimed_wastewater,immersion_cooling,Within 40.2km of an EPA-identified reuse-capable treatment plant (nearest: 22.0km) -- reclaimed water can substitute for freshwater in cooling towers.,2.3410940191280734,2.0
697413741,Oregon,OR,41,Umatilla County,59,Amazon Web Services,PDX57/60,Amazon PDX57/60,271590.0,-119.26771376022246,45.913883188873065,building,amazon,782506,782506-USA.38_1-1182,USA.38_1,United States,Oregon,2255.5299837,Medium - High (20-40%),413.13296503775393,322.7917025522136,11.897333284219108,21.93999989827474,229.0,9.170271107743783,15.449723706537172,True,reclaimed_wastewater,air_free_cooling,Within 40.2km of an EPA-identified reuse-capable treatment plant (nearest: 15.4km) -- reclaimed water can substitute for freshwater in cooling towers.,2.054509572995166,0.0
697415321,Oregon,OR,41,Morrow County,49,Amazon Web Services,PDX55,Amazon Web Services us-west-2,123601.0,-119.65544902618971,45.84117425838994,building,amazon,782505,782505-USA.38_1-1182,USA.38_1,United States,Oregon,1154.52246441,Medium - High (20-40%),384.3485349116058,326.5135667536301,11.958666761716207,21.76800028483073,207.0,9.477197734796883,19.395157631535515,True,reclaimed_wastewater,air_free_cooling,Within 40.2km of an EPA-identified reuse-capable treatment plant (nearest: 19.4km) -- reclaimed water can substitute for freshwater in cooling towers.,2.054509572995166,0.0
697415323,Oregon,OR,41,Morrow County,49,Amazon Web Services,PDX56/59,Amazon Web Services us-west-2,263671.0,-119.6300360999594,45.853786061670256,building,amazon,782505,782505-USA.38_1-1182,USA.38_1,United States,Oregon,1154.52246441,Medium - High (20-40%),385.38932051968,324.8388918852746,11.958666761716207,21.76800028483073,207.0,9.477197734796883,16.27943611229242,True,reclaimed_wastewater,air_free_cooling,Within 40.2km of an EPA-identified reuse-capable treatment plant (nearest: 16.3km) -- reclaimed water can substitute for freshwater in cooling towers.,2.054509572995166,0.0
697417726,Oregon,OR,41,Morrow County,49,Amazon Web Services,PDX62,Amazon Web Services us-west-2,211981.0,-119.60370922412667,45.84665532541318,building,amazon,782505,782505-USA.38_1-1182,USA.38_1,United States,Oregon,1154.52246441,Medium - High (20-40%),388.4188707080932,326.33468740499893,11.800000061591469,21.67066637674968,209.0,9.403505508534728,13.791714975699373,True,reclaimed_wastewater,air_free_cooling,Within 40.2km of an EPA-identified reuse-capable treatment plant (nearest: 13.8km) -- reclaimed water can substitute for freshwater in cooling towers.,2.054509572995166,0.0
700001774,Washington,WA,53,Grant County,25,Microsoft,,Microsoft MWH Data Center,8381014.0,-119.88771018102906,47.23776925865819,campus,microsoft,782614,782614-USA.48_1-1182,USA.48_1,United States,Washington,7100.32865787,Low (<10%),272.06293565737724,99.00511285313029,9.968666553497314,20.41599973042806,197.0,8.293464934064847,4.417887243293937,True,reclaimed_wastewater,air_free_cooling,Within 40.2km of an EPA-identified reuse-capable treatment plant (nearest: 4.4km) -- reclaimed water can substitute for freshwater in cooling towers.,0.3893144706188369,0.0
700431553,Oregon,OR,41,Wasco County,65,Google,,Google Taylor Lake Data Center,1100932.0,-121.20240398131143,45.63852891759573,campus,google,782300,782300-USA.38_1-1230,USA.38_1,United States,Oregon,3092.50558357,Medium - High (20-40%),236.53383815541335,381.8359181626553,12.149333119392397,21.48933219909668,432.0,10.19378756702543,24.083496201973105,True,reclaimed_wastewater,air_free_cooling,Within 40.2km of an EPA-identified reuse-capable treatment plant (nearest: 24.1km) -- reclaimed water can substitute for freshwater in cooling towers.,2.054509572995166,0.0
701924667,Virginia,VA,51,Loudoun County,107,Amazon Web Services,IAD90,Amazon IAD90,147749.0,-77.41165153795028,38.988603084770965,building,amazon,731801,731801-USA.21_1-1400,USA.21_1,United States,Maryland,236.989313922,Medium - High (20-40%),40.18074629116129,339.0966528903656,13.285333380103111,24.14666684468587,1027.0,17.558097545774967,6.527051621352531,True,reclaimed_wastewater,closed_loop_dry_cooling,Within 40.2km of an EPA-identified reuse-capable treatment plant (nearest: 6.5km) -- reclaimed water can substitute for freshwater in cooling towers.,2.3410940191280734,2.0
701924668,Virginia,VA,51,Loudoun County,107,Amazon Web Services,IAD91,Amazon IAD91,149486.0,-77.4111191682655,38.98784716047373,building,amazon,731801,731801-USA.21_1-1400,USA.21_1,United States,Maryland,236.989313922,Medium - High (20-40%),40.09104510401973,339.0227598637645,13.285333380103111,24.14666684468587,1027.0,17.558097545774967,6.629757721326516,True,reclaimed_wastewater,closed_loop_dry_cooling,Within 40.2km of an EPA-identified reuse-capable treatment plant (nearest: 6.6km) -- reclaimed water can substitute for freshwater in cooling towers.,2.3410940191280734,2.0
701924669,Virginia,VA,51,Loudoun County,107,Amazon Web Services,IAD92,Amazon IAD92,149857.0,-77.41047540861862,38.98694260549739,building,amazon,731801,731801-USA.21_1-1400,USA.21_1,United States,Maryland,236.989313922,Medium - High (20-40%),39.98323140188506,338.93468781011575,13.285333380103111,24.14666684468587,1027.0,17.558097545774967,6.753118110933179,True,reclaimed_wastewater,closed_loop_dry_cooling,Within 40.2km of an EPA-identified reuse-capable treatment plant (nearest: 6.8km) -- reclaimed water can substitute for freshwater in cooling towers.,2.3410940191280734,2.0
701929066,Virginia,VA,51,Loudoun County,107,Amazon Web Services,IAD144,Amazon IAD144,150384.0,-77.42742182982602,38.981642917536455,building,amazon,731801,731801-USA.21_1-1400,USA.21_1,United States,Maryland,236.989313922,Medium - High (20-40%),41.569527676536445,337.46332643389496,13.299333383639654,24.203999837239586,1015.0,17.63793051602648,6.345060919718032,True,reclaimed_wastewater,closed_loop_dry_cooling,Within 40.2km of an EPA-identified reuse-capable treatment plant (nearest: 6.3km) -- reclaimed water can substitute for freshwater in cooling towers.,2.3410940191280734,2.0
701930920,Virginia,VA,51,Loudoun County,107,Amazon Web Services,IAD98,Amazon IAD98,150826.0,-77.43388565556346,39.02022492908554,building,amazon,731801,731801-USA.21_1-1400,USA.21_1,United States,Maryland,236.989313922,Medium - High (20-40%),44.076128376452665,342.2158983072995,13.19699981311957,24.07866605122884,1009.0,17.63059221844134,2.24176089205772,True,reclaimed_wastewater,closed_loop_dry_cooling,Within 40.2km of an EPA-identified reuse-capable treatment plant (nearest: 2.2km) -- reclaimed water can substitute for freshwater in cooling towers.,2.3410940191280734,2.0
701930921,Virginia,VA,51,Loudoun County,107,Amazon Web Services,IAD99,Amazon IAD99,150804.0,-77.43402989103284,39.01916893584491,building,amazon,731801,731801-USA.21_1-1400,USA.21_1,United States,Maryland,236.989313922,Medium - High (20-40%),44.033061775077314,342.0710058647823,13.19699981311957,24.07866605122884,1009.0,17.63059221844134,2.3189085638777045,True,reclaimed_wastewater,closed_loop_dry_cooling,Within 40.2km of an EPA-identified reuse-capable treatment plant (nearest: 2.3km) -- reclaimed water can substitute for freshwater in cooling towers.,2.3410940191280734,2.0
701930929,Virginia,VA,51,Loudoun County,107,Amazon Web Services,IAD114,Amazon IAD114,148005.0,-77.45069857065232,39.03549407754049,building,amazon,731801,731801-USA.21_1-1400,USA.21_1,United States,Maryland,236.989313922,Medium - High (20-40%),46.662880972115246,343.4712233074167,13.19699981311957,24.07866605122884,1009.0,17.63059221844134,0.351687638318744,True,reclaimed_wastewater,closed_loop_dry_cooling,Within 40.2km of an EPA-identified reuse-capable treatment plant (nearest: 0.4km) -- reclaimed water can substitute for freshwater in cooling towers.,2.3410940191280734,2.0
701930930,Virginia,VA,51,Loudoun County,107,Amazon Web Services,IAD115,Amazon IAD115,146333.0,-77.44979480828684,39.03629402145032,building,amazon,731801,731801-USA.21_1-1400,USA.21_1,United States,Maryland,236.989313922,Medium - High (20-40%),46.61831890188579,343.61639065806656,13.19699981311957,24.07866605122884,1009.0,17.63059221844134,0.2845269840943717,True,reclaimed_wastewater,closed_loop_dry_cooling,Within 40.2km of an EPA-identified reuse-capable treatment plant (nearest: 0.3km) -- reclaimed water can substitute for freshwater in cooling towers.,2.3410940191280734,2.0
701931819,Virginia,VA,51,Loudoun County,107,Amazon Web Services,IAD65,Amazon IAD65,151356.0,-77.49436645394151,38.917010722177295,building,amazon,731901,731901-USA.47_1-1400,USA.47_1,United States,Virginia,3775.42944138,Medium - High (20-40%),47.42367421968333,325.9776444109679,13.052333163718382,23.8973331451416,1013.0,17.660974267677524,12.527492090160145,True,reclaimed_wastewater,closed_loop_dry_cooling,Within 40.2km of an EPA-identified reuse-capable treatment plant (nearest: 12.5km) -- reclaimed water can substitute for freshwater in cooling towers.,2.3410940191280734,2.0
701931820,Virginia,VA,51,Loudoun County,107,Amazon Web Services,IAD150,Amazon IAD150,213595.0,-77.47725088518797,38.91607635389445,building,amazon,731901,731901-USA.47_1-1400,USA.47_1,United States,Virginia,3775.42944138,Medium - High (20-40%),45.5654691639124,326.6289174059084,13.1063331613938,23.871999740600582,1007.0,17.72262938164933,11.895519001384754,True,reclaimed_wastewater,closed_loop_dry_cooling,Within 40.2km of an EPA-identified reuse-capable treatment plant (nearest: 11.9km) -- reclaimed water can substitute for freshwater in cooling towers.,2.3410940191280734,2.0
706726088,Virginia,VA,51,Loudoun County,107,Google,,Stonewall Creek Business Park,1291753.0,-77.53939966702264,39.05143172924,campus,google,731801,731801-USA.21_1-1400,USA.21_1,United States,Maryland,236.989313922,Medium - High (20-40%),56.63998781100528,341.79285388735934,12.7673332033058,23.55466651916504,1011.0,17.540191449259513,10.372588223680772,True,reclaimed_wastewater,immersion_cooling,Within 40.2km of an EPA-identified reuse-capable treatment plant (nearest: 10.4km) -- reclaimed water can substitute for freshwater in cooling towers.,2.3410940191280734,2.0
706776322,Oregon,OR,41,Umatilla County,59,Amazon Web Services,PDX80,Amazon PDX80,215703.0,-119.36661621765712,45.79780879526037,building,amazon,782506,782506-USA.38_1-1182,USA.38_1,United States,Oregon,2255.5299837,Medium - High (20-40%),414.3486969008831,338.4082146888037,11.72799997528394,21.678667068481445,235.0,9.072985501219751,16.083159554626064,True,reclaimed_wastewater,air_free_cooling,Within 40.2km of an EPA-identified reuse-capable treatment plant (nearest: 16.1km) -- reclaimed water can substitute for freshwater in cooling towers.,2.054509572995166,0.0
708931343,Tennessee,TN,47,Montgomery County,125,Google LLC,,Google Montgomery Data Center,26612163.0,-87.2600112195247,36.62857603307224,campus,google,742642,742642-USA.18_1-1216,USA.18_1,United States,Kentucky,1762.29519551,Low - Medium (10-20%),793.3754405116715,69.30046111702005,13.966000015536943,24.454667409261067,1295.0,19.27756218226124,51.0018254144842,False,immersion_cooling,closed_loop_dry_cooling,"Campus-type facility with space for new cooling infrastructure; no site-specific water resource (coast/lake/reclaimed) or favorable climate available nearby, so a high-water-savings retrofit technology is recommended instead.",1.3726966098056523,1.0
710070925,Virginia,VA,51,Loudoun County,107,Google,,Google Data Center,140634.0,-77.53957659001316,39.05264058118304,building,google,731801,731801-USA.21_1-1400,USA.21_1,United States,Maryland,236.989313922,Medium - High (20-40%),56.72392030063661,341.94655581878936,12.7673332033058,23.55466651916504,1011.0,17.540191449259513,10.416386279570602,True,reclaimed_wastewater,closed_loop_dry_cooling,Within 40.2km of an EPA-identified reuse-capable treatment plant (nearest: 10.4km) -- reclaimed water can substitute for freshwater in cooling towers.,2.3410940191280734,2.0
714622339,Virginia,VA,51,Loudoun County,107,Google,,Google Data Center,2143143.0,-77.52625036711285,38.94277143488421,campus,google,731801,731801-USA.21_1-1400,USA.21_1,United States,Maryland,236.989313922,Medium - High (20-40%),51.30889881686999,327.9529934089784,12.783999917407831,23.53466669718425,1013.0,17.638978155379732,13.482696888500628,True,reclaimed_wastewater,immersion_cooling,Within 40.2km of an EPA-identified reuse-capable treatment plant (nearest: 13.5km) -- reclaimed water can substitute for freshwater in cooling towers.,2.3410940191280734,2.0
714622340,Virginia,VA,51,Loudoun County,107,,,Amazon Fadeley III,1654964.0,-77.5215991553083,38.94833223285257,campus,amazon,731801,731801-USA.21_1-1400,USA.21_1,United States,Maryland,236.989313922,Medium - High (20-40%),50.89222434634493,328.887896592992,12.783999917407831,23.53466669718425,1013.0,17.638978155379732,12.676620891211488,True,reclaimed_wastewater,immersion_cooling,Within 40.2km of an EPA-identified reuse-capable treatment plant (nearest: 12.7km) -- reclaimed water can substitute for freshwater in cooling towers.,2.3410940191280734,2.0
714889192,Alabama,AL,1,Jackson County,71,Google LLC,,Google Jackson County Data Center,7582142.0,-85.74826082398661,34.914333709146234,campus,google,742623,742623-USA.1_1-1216,USA.1_1,United States,Alabama,17662.7038074,Low - Medium (10-20%),585.8642420130501,136.06169463035465,14.987333297729492,24.610666910807293,1484.0,19.63992300318961,36.83919644090327,True,reclaimed_wastewater,immersion_cooling,Within 40.2km of an EPA-identified reuse-capable treatment plant (nearest: 36.8km) -- reclaimed water can substitute for freshwater in cooling towers.,1.3592511298828778,1.0
714941629,Nebraska,NE,31,Sarpy County,153,Meta,,Sarpy Meta Data Center,5922319.0,-96.14372146857282,41.121753730397295,campus,meta,742941,742941-USA.28_1-1263,USA.28_1,United States,Nebraska,3339.77523417,High (40-80%),1549.6003562298297,395.1756823938255,10.33433336019516,23.285332997639973,787.0,17.20086733361912,10.920784758557073,True,reclaimed_wastewater,immersion_cooling,Within 40.2km of an EPA-identified reuse-capable treatment plant (nearest: 10.9km) -- reclaimed water can substitute for freshwater in cooling towers.,3.0582237212061827,4.0
744491691,Virginia,VA,51,Loudoun County,107,Amazon Web Services,IAD145,Amazon IAD145,103663.0,-77.4246254873571,38.98255213281915,building,amazon,731801,731801-USA.21_1-1400,USA.21_1,United States,Maryland,236.989313922,Medium - High (20-40%),41.30645944961925,337.710239770312,13.299333383639654,24.203999837239586,1015.0,17.63793051602648,6.368642420867076,True,reclaimed_wastewater,closed_loop_dry_cooling,Within 40.2km of an EPA-identified reuse-capable treatment plant (nearest: 6.4km) -- reclaimed water can substitute for freshwater in cooling towers.,2.3410940191280734,2.0
744496741,Virginia,VA,51,Loudoun County,107,Amazon Web Services,IAD117,Amazon Web Services IAD117,102452.0,-77.41909467085335,39.02369830815542,building,amazon,731801,731801-USA.21_1-1400,USA.21_1,United States,Maryland,236.989313922,Medium - High (20-40%),42.76114135174434,343.3387791390471,13.19699981311957,24.07866605122884,1009.0,17.63059221844134,3.407814502350091,True,reclaimed_wastewater,closed_loop_dry_cooling,Within 40.2km of an EPA-identified reuse-capable treatment plant (nearest: 3.4km) -- reclaimed water can substitute for freshwater in cooling towers.,2.3410940191280734,2.0
744496750,Virginia,VA,51,Loudoun County,107,Amazon Web Services,IAD116,Amazon Web Services IAD116,102629.0,-77.42043928426207,39.02434599828099,building,amazon,731801,731801-USA.21_1-1400,USA.21_1,United States,Maryland,236.989313922,Medium - High (20-40%),42.93566125463578,343.36259332112706,13.19699981311957,24.07866605122884,1009.0,17.63059221844134,3.242287768799084,True,reclaimed_wastewater,closed_loop_dry_cooling,Within 40.2km of an EPA-identified reuse-capable treatment plant (nearest: 3.2km) -- reclaimed water can substitute for freshwater in cooling towers.,2.3410940191280734,2.0
756778306,New Mexico,NM,35,Valencia County,61,Meta,2,Meta,543736.0,-106.78034710972685,34.83004000903251,building,meta,752195,752195-USA.32_1-1048,USA.32_1,United States,New Mexico,164.79053208,High (40-80%),851.3275421246911,202.11027551385695,13.036333392063776,23.362667083740234,242.0,10.351648912584814,24.600133710227425,True,reclaimed_wastewater,air_free_cooling,Within 40.2km of an EPA-identified reuse-capable treatment plant (nearest: 24.6km) -- reclaimed water can substitute for freshwater in cooling towers.,3.993554666437404,1.0
762116506,Virginia,VA,51,Henrico County,87,Meta,,Meta Henrico Data Center,588189.0,-77.23731114669016,37.483928208517945,building,meta,731905,731905-USA.47_1-1400,USA.47_1,United States,Virginia,2272.30944337,Medium - High (20-40%),18.8519022695329,144.29813020782177,14.326333463191986,24.296000162760414,1124.0,19.057827408452493,73.29923668923679,False,closed_loop_dry_cooling,,"No site-specific water resource, favorable climate, or campus infrastructure available. Closed-loop dry cooling requires no ongoing water withdrawal and serves as the universal fallback -- always feasible, at an energy-efficiency tradeoff.",2.3410940191280734,2.0
777679751,New Mexico,NM,35,Valencia County,61,Meta,1,Meta,654617.0,-106.77647063706308,34.83028297052059,building,meta,752195,752195-USA.32_1-1048,USA.32_1,United States,New Mexico,164.79053208,High (40-80%),851.7001479316642,202.23797444102087,13.036333392063776,23.362667083740234,242.0,10.351648912584814,24.352073440400183,True,reclaimed_wastewater,air_free_cooling,Within 40.2km of an EPA-identified reuse-capable treatment plant (nearest: 24.4km) -- reclaimed water can substitute for freshwater in cooling towers.,3.993554666437404,1.0
788027103,Iowa,IA,19,Polk County,153,Meta,,Facebook Altoona Data Center 4,606958.0,-93.5163985612244,41.66773731235317,building,meta,742843,742843-USA.16_1-1342,USA.16_1,United States,Iowa,187.257056446,Low - Medium (10-20%),1600.4401948254672,516.3880644458045,9.508333404858908,22.62933349609375,873.0,17.31859675832411,131.29022502637304,False,closed_loop_dry_cooling,,"No site-specific water resource, favorable climate, or campus infrastructure available. Closed-loop dry cooling requires no ongoing water withdrawal and serves as the universal fallback -- always feasible, at an energy-efficiency tradeoff.",1.1889931573790973,0.0
793087859,Virginia,VA,51,Loudoun County,107,Amazon Web Services,IAD118,Amazon IAD118,105629.0,-77.43883923491136,39.01850733590168,building,amazon,731801,731801-USA.21_1-1400,USA.21_1,United States,Maryland,236.989313922,Medium - High (20-40%),44.49284855755177,341.76825866006794,13.19699981311957,24.07866605122884,1009.0,17.63059221844134,2.0779612361693816,True,reclaimed_wastewater,closed_loop_dry_cooling,Within 40.2km of an EPA-identified reuse-capable treatment plant (nearest: 2.1km) -- reclaimed water can substitute for freshwater in cooling towers.,2.3410940191280734,2.0
794147657,Virginia,VA,51,Loudoun County,107,Amazon Web Services,IAD146,Amazon IAD146,103076.0,-77.43559835674785,38.9967245725433,building,amazon,731801,731801-USA.21_1-1400,USA.21_1,United States,Maryland,236.989313922,Medium - High (20-40%),43.07631889107094,339.0612391059979,13.299333383639654,24.203999837239586,1015.0,17.63793051602648,4.462542111575347,True,reclaimed_wastewater,closed_loop_dry_cooling,Within 40.2km of an EPA-identified reuse-capable treatment plant (nearest: 4.5km) -- reclaimed water can substitute for freshwater in cooling towers.,2.3410940191280734,2.0
795384117,Arizona,AZ,4,Maricopa County,13,Microsoft,PHX-10,PHX-10,246184.0,-112.36482981743816,33.40794624396243,building,microsoft,772217,772217-USA.3_1-1483,USA.3_1,United States,Arizona,5.03417042733,High (40-80%),289.5295214036559,224.31551768901244,21.781999985376995,32.00400034586588,175.0,11.881042498886575,2.8227923757015527,True,reclaimed_wastewater,closed_loop_dry_cooling,Within 40.2km of an EPA-identified reuse-capable treatment plant (nearest: 2.8km) -- reclaimed water can substitute for freshwater in cooling towers.,3.621307686265388,1.5
795853621,Nebraska,NE,31,Sarpy County,153,Meta,,Sarpy Meta Data Center,6242843.0,-96.13364372425686,41.12194722186616,campus,meta,742941,742941-USA.28_1-1263,USA.28_1,United States,Nebraska,3339.77523417,High (40-80%),1549.4444334580835,395.9156191567535,10.33433336019516,23.285332997639973,787.0,17.20086733361912,10.428081178099706,True,reclaimed_wastewater,immersion_cooling,Within 40.2km of an EPA-identified reuse-capable treatment plant (nearest: 10.4km) -- reclaimed water can substitute for freshwater in cooling towers.,3.0582237212061827,4.0
802160675,Ohio,OH,39,Licking County,89,Meta,,Meta New Albany Data Center,663286.0,-82.74890966242867,40.06527171787832,building,meta,742694,742694-USA.36_1-1216,USA.36_1,United States,Ohio,20640.7881708,Low (<10%),644.4789010735121,197.3253530951085,10.180666711181402,21.32266680399577,1008.0,16.310529799675905,36.12064443727249,True,reclaimed_wastewater,closed_loop_dry_cooling,Within 40.2km of an EPA-identified reuse-capable treatment plant (nearest: 36.1km) -- reclaimed water can substitute for freshwater in cooling towers.,0.9286729699549354,0.0
815057182,Texas,TX,48,Tarrant County,439,Meta,,Facebook Fort Worth Datacenter,753193.0,-97.2554600255551,32.98829583281708,building,meta,751408,751408-USA.44_1-1363,USA.44_1,United States,Texas,5459.3442243,Medium - High (20-40%),488.3766266126288,116.9182217560447,18.2826665242513,28.3386656443278,883.0,19.850064382417987,40.22255055587043,False,closed_loop_dry_cooling,,"No site-specific water resource, favorable climate, or campus infrastructure available. Closed-loop dry cooling requires no ongoing water withdrawal and serves as the universal fallback -- always feasible, at an energy-efficiency tradeoff.",2.7627671001092096,1.0
817338831,Virginia,VA,51,Loudoun County,107,Amazon Web Services,IAD140,Amazon IAD140,215095.0,-77.4175500441367,38.98145515417609,building,amazon,731801,731801-USA.21_1-1400,USA.21_1,United States,Maryland,236.989313922,Medium - High (20-40%),40.50635434389709,337.8928545495772,13.299333383639654,24.203999837239586,1015.0,17.63793051602648,6.828728284557463,True,reclaimed_wastewater,closed_loop_dry_cooling,Within 40.2km of an EPA-identified reuse-capable treatment plant (nearest: 6.8km) -- reclaimed water can substitute for freshwater in cooling towers.,2.3410940191280734,2.0
817338832,Virginia,VA,51,Loudoun County,107,Amazon Web Services,IAD141,Amazon IAD141,216850.0,-77.4167856863848,38.98238771254631,building,amazon,731801,731801-USA.21_1-1400,USA.21_1,United States,Maryland,236.989313922,Medium - High (20-40%),40.46250159475897,338.0496586612776,13.299333383639654,24.203999837239586,1015.0,17.63793051602648,6.780962015486484,True,reclaimed_wastewater,closed_loop_dry_cooling,Within 40.2km of an EPA-identified reuse-capable treatment plant (nearest: 6.8km) -- reclaimed water can substitute for freshwater in cooling towers.,2.3410940191280734,2.0
821081357,Ohio,OH,39,Franklin County,49,Amazon Web Services,,Amazon Web Services,151703.0,-83.1996986090437,40.10257307151942,building,amazon,742678,742678-USA.36_1-1216,USA.36_1,United States,Ohio,17080.6952719,Low (<10%),693.3071472007948,197.8469690115788,10.671666856855154,22.086666742960613,951.0,16.5425757989286,47.74042182604688,False,closed_loop_dry_cooling,,"No site-specific water resource, favorable climate, or campus infrastructure available. Closed-loop dry cooling requires no ongoing water withdrawal and serves as the universal fallback -- always feasible, at an energy-efficiency tradeoff.",0.9286729699549354,0.0
821081358,Ohio,OH,39,Franklin County,49,Amazon Web Services,,Amazon Web Services,159123.0,-83.1997637520824,40.10358662896317,building,amazon,742678,742678-USA.36_1-1216,USA.36_1,United States,Ohio,17080.6952719,Low (<10%),693.3651552677268,197.7023439767665,10.671666856855154,22.086666742960613,951.0,16.5425757989286,47.6761679278141,False,closed_loop_dry_cooling,,"No site-specific water resource, favorable climate, or campus infrastructure available. Closed-loop dry cooling requires no ongoing water withdrawal and serves as the universal fallback -- always feasible, at an energy-efficiency tradeoff.",0.9286729699549354,0.0
828135845,Virginia,VA,51,Prince William County,153,Amazon Web Services,IAD84,Amazon IAD84,152692.0,-77.65249934084503,38.8161031223026,building,amazon,731901,731901-USA.47_1-1400,USA.47_1,United States,Virginia,3775.42944138,Medium - High (20-40%),52.25726853871139,305.84818787485915,12.821000039577484,23.3853333791097,1010.0,17.67666939640435,21.958204667127163,True,reclaimed_wastewater,closed_loop_dry_cooling,Within 40.2km of an EPA-identified reuse-capable treatment plant (nearest: 22.0km) -- reclaimed water can substitute for freshwater in cooling towers.,2.3410940191280734,2.0
830881731,Iowa,IA,19,Polk County,153,Microsoft,,Microsoft,153956.0,-93.70254178906356,41.51674074828143,building,microsoft,742843,742843-USA.16_1-1342,USA.16_1,United States,Iowa,187.257056446,Low - Medium (10-20%),1583.512959869278,546.8134540740407,9.768333415190378,22.872000376383465,870.0,17.4493374780285,126.41261826864658,False,closed_loop_dry_cooling,,"No site-specific water resource, favorable climate, or campus infrastructure available. Closed-loop dry cooling requires no ongoing water withdrawal and serves as the universal fallback -- always feasible, at an energy-efficiency tradeoff.",1.1889931573790973,0.0
830881732,Iowa,IA,19,Polk County,153,Microsoft,,Microsoft,149149.0,-93.70251346931218,41.51584274137181,building,microsoft,742843,742843-USA.16_1-1342,USA.16_1,United States,Iowa,187.257056446,Low - Medium (10-20%),1583.3827389809726,546.9003007582555,9.768333415190378,22.872000376383465,870.0,17.4493374780285,126.48700042304242,False,closed_loop_dry_cooling,,"No site-specific water resource, favorable climate, or campus infrastructure available. Closed-loop dry cooling requires no ongoing water withdrawal and serves as the universal fallback -- always feasible, at an energy-efficiency tradeoff.",1.1889931573790973,0.0
830881733,Iowa,IA,19,Polk County,153,Microsoft,,Microsoft,144428.0,-93.70630110395008,41.5158179370744,building,microsoft,742843,742843-USA.16_1-1342,USA.16_1,United States,Iowa,187.257056446,Low - Medium (10-20%),1583.4823779703015,547.2165481641998,9.768333415190378,22.872000376383465,870.0,17.4493374780285,126.1985428941561,False,closed_loop_dry_cooling,,"No site-specific water resource, favorable climate, or campus infrastructure available. Closed-loop dry cooling requires no ongoing water withdrawal and serves as the universal fallback -- always feasible, at an energy-efficiency tradeoff.",1.1889931573790973,0.0
830881734,Iowa,IA,19,Polk County,153,Microsoft,,Microsoft,146482.0,-93.70635081713183,41.51671171276783,building,microsoft,742843,742843-USA.16_1-1342,USA.16_1,United States,Iowa,187.257056446,Low - Medium (10-20%),1583.6125644760575,547.1319462455393,9.768333415190378,22.872000376383465,870.0,17.4493374780285,126.12270052666662,False,closed_loop_dry_cooling,,"No site-specific water resource, favorable climate, or campus infrastructure available. Closed-loop dry cooling requires no ongoing water withdrawal and serves as the universal fallback -- always feasible, at an energy-efficiency tradeoff.",1.1889931573790973,0.0
830881742,Iowa,IA,19,Polk County,153,Microsoft,,Microsoft,145134.0,-93.70633127239608,41.51850163161288,building,microsoft,742843,742843-USA.16_1-1342,USA.16_1,United States,Iowa,187.257056446,Low - Medium (10-20%),1583.8700425375832,546.952698345013,9.768333415190378,22.872000376383465,870.0,17.4493374780285,125.98005092115064,False,closed_loop_dry_cooling,,"No site-specific water resource, favorable climate, or campus infrastructure available. Closed-loop dry cooling requires no ongoing water withdrawal and serves as the universal fallback -- always feasible, at an energy-efficiency tradeoff.",1.1889931573790973,0.0
830881743,Iowa,IA,19,Polk County,153,Microsoft,,Microsoft,143145.0,-93.7063124996927,41.51760660601612,building,microsoft,742843,742843-USA.16_1-1342,USA.16_1,United States,Iowa,187.257056446,Low - Medium (10-20%),1583.740514577942,547.0399545207139,9.768333415190378,22.872000376383465,870.0,17.4493374780285,126.05355059131902,False,closed_loop_dry_cooling,,"No site-specific water resource, favorable climate, or campus infrastructure available. Closed-loop dry cooling requires no ongoing water withdrawal and serves as the universal fallback -- always feasible, at an energy-efficiency tradeoff.",1.1889931573790973,0.0
830881744,Iowa,IA,19,Polk County,153,Microsoft,,Microsoft,141016.0,-93.70249272354832,41.51764119065465,building,microsoft,742843,742843-USA.16_1-1342,USA.16_1,United States,Iowa,187.257056446,Low - Medium (10-20%),1583.6414268328124,546.7199715749355,9.768333415190378,22.872000376383465,870.0,17.4493374780285,126.34402421586952,False,closed_loop_dry_cooling,,"No site-specific water resource, favorable climate, or campus infrastructure available. Closed-loop dry cooling requires no ongoing water withdrawal and serves as the universal fallback -- always feasible, at an energy-efficiency tradeoff.",1.1889931573790973,0.0
830881745,Iowa,IA,19,Polk County,153,Microsoft,,Microsoft,141225.0,-93.70252494893268,41.51853822500233,building,microsoft,742843,742843-USA.16_1-1342,USA.16_1,United States,Iowa,187.257056446,Low - Medium (10-20%),1583.771618728968,546.6335792498301,9.768333415190378,22.872000376383465,870.0,17.4493374780285,126.26949362481916,False,closed_loop_dry_cooling,,"No site-specific water resource, favorable climate, or campus infrastructure available. Closed-loop dry cooling requires no ongoing water withdrawal and serves as the universal fallback -- always feasible, at an energy-efficiency tradeoff.",1.1889931573790973,0.0
830885773,Iowa,IA,19,Warren County,181,Microsoft,,Microsoft,239270.0,-93.78703936226476,41.49787064306023,building,microsoft,742843,742843-USA.16_1-1342,USA.16_1,United States,Iowa,187.257056446,Low - Medium (10-20%),1583.124778694273,555.7027848626038,9.703333159287771,22.70533307393392,863.0,17.465217108088087,121.71740164122112,False,closed_loop_dry_cooling,,"No site-specific water resource, favorable climate, or campus infrastructure available. Closed-loop dry cooling requires no ongoing water withdrawal and serves as the universal fallback -- always feasible, at an energy-efficiency tradeoff.",1.1889931573790973,0.0
830885774,Iowa,IA,19,Warren County,181,Microsoft,,Microsoft,243678.0,-93.78707464281725,41.49891302864557,building,microsoft,742843,742843-USA.16_1-1342,USA.16_1,United States,Iowa,187.257056446,Low - Medium (10-20%),1583.2757467181946,555.6031201303994,9.703333159287771,22.70533307393392,863.0,17.465217108088087,121.62588464699348,False,closed_loop_dry_cooling,,"No site-specific water resource, favorable climate, or campus infrastructure available. Closed-loop dry cooling requires no ongoing water withdrawal and serves as the universal fallback -- always feasible, at an energy-efficiency tradeoff.",1.1889931573790973,0.0
830885779,Iowa,IA,19,Madison County,121,Microsoft,,Project Osmium,3691114.0,-93.78856494092211,41.4982126945884,campus,microsoft,742843,742843-USA.16_1-1342,USA.16_1,United States,Iowa,187.257056446,Low - Medium (10-20%),1583.2165690528002,555.7963622309808,9.703333159287771,22.70533307393392,863.0,17.465217108088087,121.5796055542726,False,immersion_cooling,closed_loop_dry_cooling,"Campus-type facility with space for new cooling infrastructure; no site-specific water resource (coast/lake/reclaimed) or favorable climate available nearby, so a high-water-savings retrofit technology is recommended instead.",1.1889931573790973,0.0
830931210,Iowa,IA,19,Polk County,153,Meta,,Facebook Altoona Data Center 5,628003.0,-93.51662854518422,41.67117312225116,building,meta,742843,742843-USA.16_1-1342,USA.16_1,United States,Iowa,187.257056446,Low - Medium (10-20%),1600.9444597028298,516.0674696225249,9.508333404858908,22.62933349609375,873.0,17.31859675832411,131.05244561132213,False,closed_loop_dry_cooling,,"No site-specific water resource, favorable climate, or campus infrastructure available. Closed-loop dry cooling requires no ongoing water withdrawal and serves as the universal fallback -- always feasible, at an energy-efficiency tradeoff.",1.1889931573790973,0.0
844359205,Nevada,NV,32,Clark County,3,,,Google Data Center,2037873.0,-115.00905166700048,36.05779722778458,campus,google,772330,772330-USA.29_1-1307,USA.29_1,United States,Nevada,4144.76224952,High (40-80%),460.824277735748,19.99290649957046,20.637333313624065,32.11333338419596,114.0,5.8773691570561,144.87187306164648,False,immersion_cooling,closed_loop_dry_cooling,"Campus-type facility with space for new cooling infrastructure; no site-specific water resource (coast/lake/reclaimed) or favorable climate available nearby, so a high-water-savings retrofit technology is recommended instead.",3.868198083057271,0.0
844359206,Nevada,NV,32,Clark County,3,Google,,Google,143869.0,-115.00857680765697,36.056288380442616,building,google,772330,772330-USA.29_1-1307,USA.29_1,United States,Nevada,4144.76224952,High (40-80%),460.6982782002179,20.06326087659337,20.637333313624065,32.11333338419596,114.0,5.8773691570561,145.04728908187195,False,closed_loop_dry_cooling,,"No site-specific water resource, favorable climate, or campus infrastructure available. Closed-loop dry cooling requires no ongoing water withdrawal and serves as the universal fallback -- always feasible, at an energy-efficiency tradeoff.",3.868198083057271,0.0
844359207,Nevada,NV,32,Clark County,3,Google,,Google,141227.0,-115.00879721733386,36.05880161382709,building,google,772330,772330-USA.29_1-1307,USA.29_1,United States,Nevada,4144.76224952,High (40-80%),460.9487653422504,19.89382827249589,20.637333313624065,32.11333338419596,114.0,5.8773691570561,144.76967203900614,False,closed_loop_dry_cooling,,"No site-specific water resource, favorable climate, or campus infrastructure available. Closed-loop dry cooling requires no ongoing water withdrawal and serves as the universal fallback -- always feasible, at an energy-efficiency tradeoff.",3.868198083057271,0.0
844371952,Alabama,AL,1,Jackson County,71,Google,,Google,144996.0,-85.74742813692481,34.9136919358168,building,google,742623,742623-USA.1_1-1216,USA.1_1,United States,Alabama,17662.7038074,Low - Medium (10-20%),585.7855415370685,136.1195071195806,14.987333297729492,24.610666910807293,1484.0,19.63992300318961,36.95120764824789,True,reclaimed_wastewater,closed_loop_dry_cooling,Within 40.2km of an EPA-identified reuse-capable treatment plant (nearest: 37.0km) -- reclaimed water can substitute for freshwater in cooling towers.,1.3592511298828778,1.0
844371953,Alabama,AL,1,Jackson County,71,Google,,Google,141947.0,-85.74593535678355,34.91367641738197,building,google,742623,742623-USA.1_1-1216,USA.1_1,United States,Alabama,17662.7038074,Low - Medium (10-20%),585.7979837282938,136.2752379242963,14.987333297729492,24.610666910807293,1484.0,19.63992300318961,37.04988789479779,True,reclaimed_wastewater,closed_loop_dry_cooling,Within 40.2km of an EPA-identified reuse-capable treatment plant (nearest: 37.0km) -- reclaimed water can substitute for freshwater in cooling towers.,1.3592511298828778,1.0
844386860,Texas,TX,48,Ellis County,139,Google,,Google,144574.0,-97.06248797347524,32.44212970719258,building,google,751409,751409-USA.44_1-1363,USA.44_1,United States,Texas,6106.82276492,Medium - High (20-40%),415.4769399692233,179.41205962572246,18.635666807492573,28.279999415079757,891.0,20.06977448358085,57.05376583409157,False,closed_loop_dry_cooling,,"No site-specific water resource, favorable climate, or campus infrastructure available. Closed-loop dry cooling requires no ongoing water withdrawal and serves as the universal fallback -- always feasible, at an energy-efficiency tradeoff.",2.7627671001092096,1.0
844386861,Texas,TX,48,Ellis County,139,Google,,Google,138230.0,-97.06333284249686,32.44355545089075,building,google,751409,751409-USA.44_1-1363,USA.44_1,United States,Texas,6106.82276492,Medium - High (20-40%),415.6860524022564,179.2435277245059,18.635666807492573,28.279999415079757,891.0,20.06977448358085,56.88945876328017,False,closed_loop_dry_cooling,,"No site-specific water resource, favorable climate, or campus infrastructure available. Closed-loop dry cooling requires no ongoing water withdrawal and serves as the universal fallback -- always feasible, at an energy-efficiency tradeoff.",2.7627671001092096,1.0
844389014,Tennessee,TN,47,Montgomery County,125,Google,SPC2A,Google,169736.0,-87.26129639057423,36.62458167653138,building,google,742642,742642-USA.18_1-1216,USA.18_1,United States,Kentucky,1762.29519551,Low - Medium (10-20%),792.809177239173,69.1804895988043,14.089666694402696,24.60400009155273,1294.0,19.32444414201299,50.54417896356834,False,closed_loop_dry_cooling,,"No site-specific water resource, favorable climate, or campus infrastructure available. Closed-loop dry cooling requires no ongoing water withdrawal and serves as the universal fallback -- always feasible, at an energy-efficiency tradeoff.",1.3726966098056523,1.0
844391358,Ohio,OH,39,Licking County,89,Google,,Google NBY-1,145177.0,-82.76429366972576,40.06114460722927,building,google,742678,742678-USA.36_1-1216,USA.36_1,United States,Ohio,17080.6952719,Low (<10%),645.8553603710614,198.16232381096228,10.3306667652602,21.53466669718425,1001.0,16.370229291372414,35.99111942073011,True,reclaimed_wastewater,closed_loop_dry_cooling,Within 40.2km of an EPA-identified reuse-capable treatment plant (nearest: 36.0km) -- reclaimed water can substitute for freshwater in cooling towers.,0.9286729699549354,0.0
844394339,Nebraska,NE,31,Sarpy County,153,Meta,,Meta Sarpy Data center,666382.0,-96.14419028998032,41.12354217069119,building,meta,742941,742941-USA.28_1-1263,USA.28_1,United States,Nebraska,3339.77523417,High (40-80%),1549.869627761039,394.9459626779864,10.33433336019516,23.285332997639973,787.0,17.20086733361912,11.119343530642452,True,reclaimed_wastewater,closed_loop_dry_cooling,Within 40.2km of an EPA-identified reuse-capable treatment plant (nearest: 11.1km) -- reclaimed water can substitute for freshwater in cooling towers.,3.0582237212061827,4.0
844394340,Nebraska,NE,31,Sarpy County,153,Meta,,Meta Sarpy Data center,515084.0,-96.14485433047682,41.1207319993102,building,meta,742941,742941-USA.28_1-1263,USA.28_1,United States,Nebraska,3339.77523417,High (40-80%),1549.472179475806,395.20133962902594,10.33433336019516,23.285332997639973,787.0,17.20086733361912,10.886208859524723,True,reclaimed_wastewater,closed_loop_dry_cooling,Within 40.2km of an EPA-identified reuse-capable treatment plant (nearest: 10.9km) -- reclaimed water can substitute for freshwater in cooling towers.,3.0582237212061827,4.0
844394357,Nebraska,NE,31,Sarpy County,153,Google,,Google,152487.0,-96.14672977480356,41.13497469466853,building,google,742951,742951-USA.16_1-1263,USA.16_1,United States,Iowa,11463.5221858,High (40-80%),1551.582725964789,393.513154362912,10.274000068505606,23.312000274658203,783.0,17.15355945280811,12.370228040875867,True,reclaimed_wastewater,closed_loop_dry_cooling,Within 40.2km of an EPA-identified reuse-capable treatment plant (nearest: 12.4km) -- reclaimed water can substitute for freshwater in cooling towers.,3.0582237212061827,4.0
852039781,Virginia,VA,51,Loudoun County,107,Amazon Web Services,IAD119,Amazon IAD119,127104.0,-77.43938662806684,39.01693014125531,building,amazon,731801,731801-USA.21_1-1400,USA.21_1,United States,Maryland,236.989313922,Medium - High (20-40%),44.46518391761566,341.5368852046313,13.19699981311957,24.07866605122884,1009.0,17.63059221844134,2.2087591363727013,True,reclaimed_wastewater,closed_loop_dry_cooling,Within 40.2km of an EPA-identified reuse-capable treatment plant (nearest: 2.2km) -- reclaimed water can substitute for freshwater in cooling towers.,2.3410940191280734,2.0
871745265,Iowa,IA,19,Dallas County,49,Microsoft,,Microsoft,220735.0,-93.82789533434016,41.540709217348976,building,microsoft,742844,742844-USA.16_1-1263,USA.16_1,United States,Iowa,5238.18251468,Low - Medium (10-20%),1590.4330384420973,554.94600968261,9.72900011142095,22.73066711425781,854.0,17.510661895551333,115.1504231577125,False,closed_loop_dry_cooling,,"No site-specific water resource, favorable climate, or campus infrastructure available. Closed-loop dry cooling requires no ongoing water withdrawal and serves as the universal fallback -- always feasible, at an energy-efficiency tradeoff.",1.1889931573790973,0.0
874506250,Ohio,OH,39,Franklin County,49,Amazon Web Services,,Amazon Web Services,161757.0,-83.13490722876958,40.06014718926057,building,amazon,742678,742678-USA.36_1-1216,USA.36_1,United States,Ohio,17080.6952719,Low (<10%),684.4085749652779,202.9941964338876,11.000666591028372,22.465333302815758,954.0,16.585960350572886,45.7617240759899,False,closed_loop_dry_cooling,,"No site-specific water resource, favorable climate, or campus infrastructure available. Closed-loop dry cooling requires no ongoing water withdrawal and serves as the universal fallback -- always feasible, at an energy-efficiency tradeoff.",0.9286729699549354,0.0
883809860,North Carolina,NC,37,Rutherford County,161,Meta,FRC,Meta Forest City datacenter,319829.0,-81.82513233085027,35.316554514924,building,meta,732402,732402-USA.34_1-1414,USA.34_1,United States,North Carolina,3933.69296672,Medium - High (20-40%),386.3709158707172,149.14588535454908,14.88066679239273,24.4386666615804,1289.0,19.064612931750144,141.1480579853797,False,closed_loop_dry_cooling,,"No site-specific water resource, favorable climate, or campus infrastructure available. Closed-loop dry cooling requires no ongoing water withdrawal and serves as the universal fallback -- always feasible, at an energy-efficiency tradeoff.",2.3695891571081926,2.0
883809862,North Carolina,NC,37,Rutherford County,161,Meta,,Facebook Forest City Data Center,4849510.0,-81.82474729583835,35.315698382784056,campus,meta,732402,732402-USA.34_1-1414,USA.34_1,United States,North Carolina,3933.69296672,Medium - High (20-40%),386.2612558268591,149.10247186500308,14.88066679239273,24.4386666615804,1289.0,19.064612931750144,141.24439317278063,False,immersion_cooling,closed_loop_dry_cooling,"Campus-type facility with space for new cooling infrastructure; no site-specific water resource (coast/lake/reclaimed) or favorable climate available nearby, so a high-water-savings retrofit technology is recommended instead.",2.3695891571081926,2.0
886028872,Virginia,VA,51,Loudoun County,107,Amazon Web Services,IAD128,Amazon IAD128,105735.0,-77.43838436569268,39.01608221259819,building,amazon,731801,731801-USA.21_1-1400,USA.21_1,United States,Maryland,236.989313922,Medium - High (20-40%),44.31662063865832,341.4706919650774,13.19699981311957,24.07866605122884,1009.0,17.63059221844134,2.3414243782168827,True,reclaimed_wastewater,closed_loop_dry_cooling,Within 40.2km of an EPA-identified reuse-capable treatment plant (nearest: 2.3km) -- reclaimed water can substitute for freshwater in cooling towers.,2.3410940191280734,2.0
886330269,Virginia,VA,51,Loudoun County,107,Microsoft,,Microsoft,155317.0,-77.56412899431636,39.07478688334023,building,microsoft,731801,731801-USA.21_1-1400,USA.21_1,United States,Maryland,236.989313922,Medium - High (20-40%),60.489247210456696,343.9056552957381,12.565999921411276,23.297333399454757,1019.0,17.48002472945566,13.693965108909875,True,reclaimed_wastewater,closed_loop_dry_cooling,Within 40.2km of an EPA-identified reuse-capable treatment plant (nearest: 13.7km) -- reclaimed water can substitute for freshwater in cooling towers.,2.3410940191280734,2.0
897226574,Virginia,VA,51,Loudoun County,107,Amazon Web Services,IAD125,Amazon IAD125,104431.0,-77.56054492011098,38.94808953816639,building,amazon,731801,731801-USA.21_1-1400,USA.21_1,United States,Maryland,236.989313922,Medium - High (20-40%),55.18933333390833,327.1865033536077,12.672000092764696,23.33733367919922,1014.0,17.610658399816764,15.851411664788367,True,reclaimed_wastewater,closed_loop_dry_cooling,Within 40.2km of an EPA-identified reuse-capable treatment plant (nearest: 15.9km) -- reclaimed water can substitute for freshwater in cooling towers.,2.3410940191280734,2.0
897226575,Virginia,VA,51,Loudoun County,107,Amazon Web Services,IAD124,Amazon IAD124,104434.0,-77.56045170040849,38.94989544830295,building,amazon,731801,731801-USA.21_1-1400,USA.21_1,United States,Maryland,236.989313922,Medium - High (20-40%),55.21056411098097,327.4296183236543,12.672000092764696,23.33733367919922,1014.0,17.610658399816764,15.721472426856105,True,reclaimed_wastewater,closed_loop_dry_cooling,Within 40.2km of an EPA-identified reuse-capable treatment plant (nearest: 15.7km) -- reclaimed water can substitute for freshwater in cooling towers.,2.3410940191280734,2.0
914613836,Oregon,OR,41,Morrow County,49,Amazon Web Services,PDX91,Amazon PDX91,210994.0,-119.68835481078412,45.83792394838973,building,amazon,782505,782505-USA.38_1-1182,USA.38_1,United States,Oregon,1154.52246441,Medium - High (20-40%),381.760465997088,326.6438376964241,12.040333300828934,21.91866683959961,204.0,9.522258692992883,22.998469974544022,True,reclaimed_wastewater,air_free_cooling,Within 40.2km of an EPA-identified reuse-capable treatment plant (nearest: 23.0km) -- reclaimed water can substitute for freshwater in cooling towers.,2.054509572995166,0.0
914616809,Oregon,OR,41,Morrow County,49,Amazon Web Services,PDX92,Amazon PDX92,211026.0,-119.6931290980946,45.83754024756914,building,amazon,782505,782505-USA.38_1-1182,USA.38_1,United States,Oregon,1154.52246441,Medium - High (20-40%),381.37787911189,326.6522379169313,12.040333300828934,21.91866683959961,204.0,9.522258692992883,23.52048194861337,True,reclaimed_wastewater,air_free_cooling,Within 40.2km of an EPA-identified reuse-capable treatment plant (nearest: 23.5km) -- reclaimed water can substitute for freshwater in cooling towers.,2.054509572995166,0.0
914616810,Oregon,OR,41,Morrow County,49,Amazon Web Services,PDX64,Amazon Web Services us-west-2,211938.0,-119.60564495354758,45.84665461437445,building,amazon,782505,782505-USA.38_1-1182,USA.38_1,United States,Oregon,1154.52246441,Medium - High (20-40%),388.2462458475552,326.3071225176749,11.800000061591469,21.67066637674968,209.0,9.403505508534728,13.989852585073592,True,reclaimed_wastewater,air_free_cooling,Within 40.2km of an EPA-identified reuse-capable treatment plant (nearest: 14.0km) -- reclaimed water can substitute for freshwater in cooling towers.,2.054509572995166,0.0
930849744,Virginia,VA,51,Loudoun County,107,Amazon Web Services,IAD163,Amazon IAD163,131936.0,-77.42970207458241,39.03230534445815,building,amazon,731801,731801-USA.21_1-1400,USA.21_1,United States,Maryland,236.989313922,Medium - High (20-40%),44.34686535310505,343.98766910949035,13.19699981311957,24.07866605122884,1009.0,17.63059221844134,2.009789491196436,True,reclaimed_wastewater,closed_loop_dry_cooling,Within 40.2km of an EPA-identified reuse-capable treatment plant (nearest: 2.0km) -- reclaimed water can substitute for freshwater in cooling towers.,2.3410940191280734,2.0
954433119,Virginia,VA,51,Loudoun County,107,Amazon Web Services,IAD175,Amazon IAD175,86503.0,-77.42547991599417,38.97986799140556,building,amazon,731801,731801-USA.21_1-1400,USA.21_1,United States,Maryland,236.989313922,Medium - High (20-40%),41.29231716552083,337.3208526163897,13.299333383639654,24.203999837239586,1015.0,17.63793051602648,6.607279830371118,True,reclaimed_wastewater,closed_loop_dry_cooling,Within 40.2km of an EPA-identified reuse-capable treatment plant (nearest: 6.6km) -- reclaimed water can substitute for freshwater in cooling towers.,2.3410940191280734,2.0
958662382,Virginia,VA,51,Loudoun County,107,Amazon Web Services,IAD147,Amazon IAD147,102767.0,-77.43535922197498,38.99501200382876,building,amazon,731801,731801-USA.21_1-1400,USA.21_1,United States,Maryland,236.989313922,Medium - High (20-40%),42.97437864873932,338.84805671930985,13.299333383639654,24.203999837239586,1015.0,17.63793051602648,4.652339279290737,True,reclaimed_wastewater,closed_loop_dry_cooling,Within 40.2km of an EPA-identified reuse-capable treatment plant (nearest: 4.7km) -- reclaimed water can substitute for freshwater in cooling towers.,2.3410940191280734,2.0
975484796,Ohio,OH,39,Franklin County,49,Amazon Web Services,,Amazon Web Services,170922.0,-83.13460627634682,40.05932515588516,building,amazon,742678,742678-USA.36_1-1216,USA.36_1,United States,Ohio,17080.6952719,Low (<10%),684.3361524730757,203.10912681035305,11.000666591028372,22.465333302815758,954.0,16.585960350572886,45.808383732356766,False,closed_loop_dry_cooling,,"No site-specific water resource, favorable climate, or campus infrastructure available. Closed-loop dry cooling requires no ongoing water withdrawal and serves as the universal fallback -- always feasible, at an energy-efficiency tradeoff.",0.9286729699549354,0.0
975484797,Ohio,OH,39,Franklin County,49,Amazon Web Services,,Amazon Web Services,133709.0,-83.13409055935804,40.05830889449401,building,amazon,742678,742678-USA.36_1-1216,USA.36_1,United States,Ohio,17080.6952719,Low (<10%),684.2316133617849,203.2493990449555,11.000666591028372,22.465333302815758,954.0,16.585960350572886,45.8557963776388,False,closed_loop_dry_cooling,,"No site-specific water resource, favorable climate, or campus infrastructure available. Closed-loop dry cooling requires no ongoing water withdrawal and serves as the universal fallback -- always feasible, at an energy-efficiency tradeoff.",0.9286729699549354,0.0
975484798,Ohio,OH,39,Franklin County,49,Amazon Web Services,,Amazon Web Services,142297.0,-83.13275276040426,40.06077960066598,building,amazon,742678,742678-USA.36_1-1216,USA.36_1,United States,Ohio,17080.6952719,Low (<10%),684.2147790879299,202.87542287691204,11.000666591028372,22.465333302815758,954.0,16.585960350572886,45.55097081714308,False,closed_loop_dry_cooling,,"No site-specific water resource, favorable climate, or campus infrastructure available. Closed-loop dry cooling requires no ongoing water withdrawal and serves as the universal fallback -- always feasible, at an energy-efficiency tradeoff.",0.9286729699549354,0.0
984953813,Virginia,VA,51,Loudoun County,107,Amazon Web Services,IAD174,Amazon IAD174,132388.0,-77.42747327984164,39.02891562520285,building,amazon,731801,731801-USA.21_1-1400,USA.21_1,United States,Maryland,236.989313922,Medium - High (20-40%),43.91863738193878,343.6434580584094,13.19699981311957,24.07866605122884,1009.0,17.63059221844134,2.335791607109595,True,reclaimed_wastewater,closed_loop_dry_cooling,Within 40.2km of an EPA-identified reuse-capable treatment plant (nearest: 2.3km) -- reclaimed water can substitute for freshwater in cooling towers.,2.3410940191280734,2.0
984953814,Virginia,VA,51,Loudoun County,107,Amazon Web Services,IAD164,Amazon IAD164,132374.0,-77.42894228408753,39.03047299575455,building,amazon,731801,731801-USA.21_1-1400,USA.21_1,United States,Maryland,236.989313922,Medium - High (20-40%),44.1600864832717,343.7815323736549,13.19699981311957,24.07866605122884,1009.0,17.63059221844134,2.1323873081799247,True,reclaimed_wastewater,closed_loop_dry_cooling,Within 40.2km of an EPA-identified reuse-capable treatment plant (nearest: 2.1km) -- reclaimed water can substitute for freshwater in cooling towers.,2.3410940191280734,2.0
986829280,Virginia,VA,51,Loudoun County,107,Microsoft,,Microsoft,97581.0,-77.56303534723706,39.07550786595816,building,microsoft,731801,731801-USA.21_1-1400,USA.21_1,United States,Maryland,236.989313922,Medium - High (20-40%),60.42064686039752,344.04592934617386,12.565999921411276,23.297333399454757,1019.0,17.48002472945566,13.605236174138048,True,reclaimed_wastewater,closed_loop_dry_cooling,Within 40.2km of an EPA-identified reuse-capable treatment plant (nearest: 13.6km) -- reclaimed water can substitute for freshwater in cooling towers.,2.3410940191280734,2.0
989735623,Virginia,VA,51,Loudoun County,107,Amazon Web Services,IAD152,Amazon IAD152,156644.0,-77.47974227140159,38.91657561831895,building,amazon,731901,731901-USA.47_1-1400,USA.47_1,United States,Virginia,3775.42944138,Medium - High (20-40%),45.84574448391225,326.580958766013,13.1063331613938,23.871999740600582,1007.0,17.72262938164933,12.01004645613589,True,reclaimed_wastewater,closed_loop_dry_cooling,Within 40.2km of an EPA-identified reuse-capable treatment plant (nearest: 12.0km) -- reclaimed water can substitute for freshwater in cooling towers.,2.3410940191280734,2.0
989735624,Virginia,VA,51,Loudoun County,107,Amazon Web Services,IAD151,Amazon IAD151,155542.0,-77.47870521719227,38.916150911627575,building,amazon,731901,731901-USA.47_1-1400,USA.47_1,United States,Virginia,3775.42944138,Medium - High (20-40%),45.72767872371479,326.5725622858706,13.1063331613938,23.871999740600582,1007.0,17.72262938164933,11.938169626313853,True,reclaimed_wastewater,closed_loop_dry_cooling,Within 40.2km of an EPA-identified reuse-capable treatment plant (nearest: 11.9km) -- reclaimed water can substitute for freshwater in cooling towers.,2.3410940191280734,2.0
990537813,Virginia,VA,51,Loudoun County,107,Amazon Web Services,IAD83,Amazon IAD83,156166.0,-77.52310750749479,38.947946059437584,building,amazon,731801,731801-USA.21_1-1400,USA.21_1,United States,Maryland,236.989313922,Medium - High (20-40%),51.051545893818414,328.7714479319753,12.783999917407831,23.53466669718425,1013.0,17.638978155379732,12.818574940512775,True,reclaimed_wastewater,closed_loop_dry_cooling,Within 40.2km of an EPA-identified reuse-capable treatment plant (nearest: 12.8km) -- reclaimed water can substitute for freshwater in cooling towers.,2.3410940191280734,2.0
990537821,Virginia,VA,51,Loudoun County,107,Amazon Web Services,IAD93,Amazon Web Services,16739.0,-77.52218796260958,38.946539218555614,building,amazon,731801,731801-USA.21_1-1400,USA.21_1,United States,Maryland,236.989313922,Medium - High (20-40%),50.9244114299059,328.62604286461675,12.783999917407831,23.53466669718425,1013.0,17.638978155379732,12.87100308337583,True,reclaimed_wastewater,closed_loop_dry_cooling,Within 40.2km of an EPA-identified reuse-capable treatment plant (nearest: 12.9km) -- reclaimed water can substitute for freshwater in cooling towers.,2.3410940191280734,2.0
990537857,Virginia,VA,51,Loudoun County,107,Amazon Web Services,IAD122,Amazon IAD122,153273.0,-77.49717993007393,38.955863227653474,building,amazon,731801,731801-USA.21_1-1400,USA.21_1,United States,Maryland,236.989313922,Medium - High (20-40%),48.358690101992536,330.9486972915523,13.052333163718382,23.8973331451416,1013.0,17.660974267677524,10.388560016838497,True,reclaimed_wastewater,closed_loop_dry_cooling,Within 40.2km of an EPA-identified reuse-capable treatment plant (nearest: 10.4km) -- reclaimed water can substitute for freshwater in cooling towers.,2.3410940191280734,2.0
996723587,Virginia,VA,51,Prince William County,153,Amazon IAD96,IAD96,Amazon Web Services,149064.0,-77.53988381836808,38.78015146527289,building,amazon,731901,731901-USA.47_1-1400,USA.47_1,United States,Virginia,3775.42944138,Medium - High (20-40%),38.74474499185462,306.051230486438,13.248000080386795,24.016000111897785,984.0,17.858780671308107,10.050329239090532,True,reclaimed_wastewater,closed_loop_dry_cooling,Within 40.2km of an EPA-identified reuse-capable treatment plant (nearest: 10.1km) -- reclaimed water can substitute for freshwater in cooling towers.,2.3410940191280734,2.0
996723588,Virginia,VA,51,Prince William County,153,Amazon IAD95,IAD95,Amazon Web Services,214748.0,-77.53942706487335,38.77845091390774,building,amazon,731901,731901-USA.47_1-1400,USA.47_1,United States,Virginia,3775.42944138,Medium - High (20-40%),38.58953455131198,305.85113086589746,13.248000080386795,24.016000111897785,984.0,17.858780671308107,10.069981011973177,True,reclaimed_wastewater,closed_loop_dry_cooling,Within 40.2km of an EPA-identified reuse-capable treatment plant (nearest: 10.1km) -- reclaimed water can substitute for freshwater in cooling towers.,2.3410940191280734,2.0
996723589,Virginia,VA,51,Prince William County,153,Amazon IAD75,IAD75,Amazon Web Services,214662.0,-77.54289591312165,38.77934250130272,building,amazon,731901,731901-USA.47_1-1400,USA.47_1,United States,Virginia,3775.42944138,Medium - High (20-40%),38.99170279594058,305.80761283067056,13.1149998853604,23.82533327738444,985.0,17.845315323529746,10.395744772534403,True,reclaimed_wastewater,closed_loop_dry_cooling,Within 40.2km of an EPA-identified reuse-capable treatment plant (nearest: 10.4km) -- reclaimed water can substitute for freshwater in cooling towers.,2.3410940191280734,2.0
996899486,Virginia,VA,51,Prince William County,153,Amazon Web Services,IAD102,Amazon IAD102,214338.0,-77.50490133103251,38.73597010187111,building,amazon,731901,731901-USA.47_1-1400,USA.47_1,United States,Virginia,3775.42944138,Medium - High (20-40%),32.63620877113118,301.9790906410404,13.1639999995629,23.90933354695638,971.0,17.957911196944906,10.053676950317492,True,reclaimed_wastewater,closed_loop_dry_cooling,Within 40.2km of an EPA-identified reuse-capable treatment plant (nearest: 10.1km) -- reclaimed water can substitute for freshwater in cooling towers.,2.3410940191280734,2.0
996899487,Virginia,VA,51,Prince William County,153,Amazon Web Services,IAD101,Amazon IAD101,214330.0,-77.50569511718139,38.735440154226055,building,amazon,731901,731901-USA.47_1-1400,USA.47_1,United States,Virginia,3775.42944138,Medium - High (20-40%),32.69304995476444,301.8727341457467,13.1639999995629,23.90933354695638,971.0,17.957911196944906,10.15157129322246,True,reclaimed_wastewater,closed_loop_dry_cooling,Within 40.2km of an EPA-identified reuse-capable treatment plant (nearest: 10.2km) -- reclaimed water can substitute for freshwater in cooling towers.,2.3410940191280734,2.0
996899488,Virginia,VA,51,Prince William County,153,Amazon Web Services,IAD100,Amazon IAD100,214611.0,-77.506642396707,38.73459785381264,building,amazon,731901,731901-USA.47_1-1400,USA.47_1,United States,Virginia,3775.42944138,Medium - High (20-40%),32.75111908962949,301.7187999329256,13.1639999995629,23.90933354695638,971.0,17.957911196944906,10.287978454207996,True,reclaimed_wastewater,closed_loop_dry_cooling,Within 40.2km of an EPA-identified reuse-capable treatment plant (nearest: 10.3km) -- reclaimed water can substitute for freshwater in cooling towers.,2.3410940191280734,2.0
998245264,Illinois,IL,17,Cook County,31,,,Microsoft Data Center - Hoffman Estates,2105271.0,-88.13389076420349,42.07695198404611,campus,microsoft,742826,742826-USA.14_1-1216,USA.14_1,United States,Illinois,3924.72979144,Low - Medium (10-20%),1312.2798144699464,42.20439353010743,9.116666615009308,21.529333114624023,916.0,16.0537044639644,63.41848260361944,False,immersion_cooling,closed_loop_dry_cooling,"Campus-type facility with space for new cooling infrastructure; no site-specific water resource (coast/lake/reclaimed) or favorable climate available nearby, so a high-water-savings retrofit technology is recommended instead.",1.4063494958910283,0.5
1000784035,Virginia,VA,51,Prince William County,153,Amazon Web Services,,Amazon Web Services,112502.0,-77.53338365008187,38.74305258344758,building,amazon,731901,731901-USA.47_1-1400,USA.47_1,United States,Virginia,3775.42944138,Medium - High (20-40%),35.96097849649292,301.5404456353243,13.1639999995629,23.90933354695638,971.0,17.957911196944906,11.55869270811474,True,reclaimed_wastewater,closed_loop_dry_cooling,Within 40.2km of an EPA-identified reuse-capable treatment plant (nearest: 11.6km) -- reclaimed water can substitute for freshwater in cooling towers.,2.3410940191280734,2.0
1010260675,Texas,TX,48,Medina County,325,Microsoft,,Microsoft TRP3 (SAT46),228897.0,-98.806374449939,29.4129769887884,building,microsoft,751940,751940-USA.44_1-1400,USA.44_1,United States,Texas,484.129686379,Medium - High (20-40%),241.70371431551357,234.0445778830862,19.868666728337605,27.73733329772949,736.0,20.102781523385143,43.03871004284605,False,closed_loop_dry_cooling,,"No site-specific water resource, favorable climate, or campus infrastructure available. Closed-loop dry cooling requires no ongoing water withdrawal and serves as the universal fallback -- always feasible, at an energy-efficiency tradeoff.",2.7627671001092096,1.0
1010260676,Texas,TX,48,Bexar County,29,Microsoft,,Microsoft,228882.0,-98.80331595094908,29.41579676372189,building,microsoft,751940,751940-USA.44_1-1400,USA.44_1,United States,Texas,484.129686379,Medium - High (20-40%),241.6855994235146,234.36708679937027,19.868666728337605,27.73733329772949,736.0,20.102781523385143,43.020629190720896,False,closed_loop_dry_cooling,,"No site-specific water resource, favorable climate, or campus infrastructure available. Closed-loop dry cooling requires no ongoing water withdrawal and serves as the universal fallback -- always feasible, at an energy-efficiency tradeoff.",2.7627671001092096,1.0
1010260677,Texas,TX,48,Bexar County,29,Microsoft,,Microsoft,228885.0,-98.8045147999406,29.415795638787,building,microsoft,751940,751940-USA.44_1-1400,USA.44_1,United States,Texas,484.129686379,Medium - High (20-40%),241.78571922599383,234.2337918399696,19.868666728337605,27.73733329772949,736.0,20.102781523385143,42.933840221704045,False,closed_loop_dry_cooling,,"No site-specific water resource, favorable climate, or campus infrastructure available. Closed-loop dry cooling requires no ongoing water withdrawal and serves as the universal fallback -- always feasible, at an energy-efficiency tradeoff.",2.7627671001092096,1.0
1015995259,Virginia,VA,51,Prince William County,153,Amazon Web Services,IAD601,Amazon IAD601,14469.0,-77.55711533400657,38.77885736291117,building,amazon,731901,731901-USA.47_1-1400,USA.47_1,United States,Virginia,3775.42944138,Medium - High (20-40%),40.38250919648542,305.0950342472847,13.1149998853604,23.82533327738444,985.0,17.845315323529746,11.90956049094141,True,reclaimed_wastewater,closed_loop_dry_cooling,Within 40.2km of an EPA-identified reuse-capable treatment plant (nearest: 11.9km) -- reclaimed water can substitute for freshwater in cooling towers.,2.3410940191280734,2.0
1019770124,Illinois,IL,17,DeKalb County,37,Meta Platforms,,DeKalb Meta Data Center,12793294.0,-88.72856898056978,41.88904034750541,campus,meta,742872,742872-USA.14_1-1216,USA.14_1,United States,Illinois,13894.5069646,Low - Medium (10-20%),1362.3898213720452,114.06388052289977,8.936000009377798,21.67466672261556,929.0,16.15983630105822,85.19047693102245,False,immersion_cooling,closed_loop_dry_cooling,"Campus-type facility with space for new cooling infrastructure; no site-specific water resource (coast/lake/reclaimed) or favorable climate available nearby, so a high-water-savings retrofit technology is recommended instead.",1.4063494958910283,0.5
1020374277,Ohio,OH,39,Licking County,89,Amazon Web Services,CMH53,Amazon Web Services  CMH53,154029.0,-82.75145548070124,40.09361643944408,building,amazon,742678,742678-USA.36_1-1216,USA.36_1,United States,Ohio,17080.6952719,Low (<10%),646.2584262420486,193.28174685668225,10.222666746626295,21.429333368937176,1003.0,16.320681457237537,33.081766600062174,True,reclaimed_wastewater,closed_loop_dry_cooling,Within 40.2km of an EPA-identified reuse-capable treatment plant (nearest: 33.1km) -- reclaimed water can substitute for freshwater in cooling towers.,0.9286729699549354,0.0
1020374278,Ohio,OH,39,Licking County,89,Amazon Web Services,CMH56,Amazon Web Services CMH56,154677.0,-82.75205114610061,40.09653435041937,building,amazon,742678,742678-USA.36_1-1216,USA.36_1,United States,Ohio,17080.6952719,Low (<10%),646.4773628260638,192.870898469964,10.222666746626295,21.429333368937176,1003.0,16.320681457237537,32.756260040394494,True,reclaimed_wastewater,closed_loop_dry_cooling,Within 40.2km of an EPA-identified reuse-capable treatment plant (nearest: 32.8km) -- reclaimed water can substitute for freshwater in cooling towers.,0.9286729699549354,0.0
1020374279,Ohio,OH,39,Licking County,89,Amazon Web Services,CMH59,Amazon Web Services  CMH59,161123.0,-82.74749104888826,40.09404615807959,building,amazon,742694,742694-USA.36_1-1216,USA.36_1,United States,Ohio,20640.7881708,Low (<10%),645.8716738200202,193.1576337322988,10.094666741788387,21.25066693623861,1010.0,16.246102100277515,33.20590826150271,True,reclaimed_wastewater,closed_loop_dry_cooling,Within 40.2km of an EPA-identified reuse-capable treatment plant (nearest: 33.2km) -- reclaimed water can substitute for freshwater in cooling towers.,0.9286729699549354,0.0
1020877488,Virginia,VA,51,Loudoun County,107,Amazon Web Services,IAD162,Amazon Web Services,131476.0,-77.4712911922763,38.9958476154284,building,amazon,731801,731801-USA.21_1-1400,USA.21_1,United States,Maryland,236.989313922,Medium - High (20-40%),46.8278948067571,337.34773448797466,13.060000069439411,23.913333257039387,1011.0,17.648408554403247,5.093109068003827,True,reclaimed_wastewater,closed_loop_dry_cooling,Within 40.2km of an EPA-identified reuse-capable treatment plant (nearest: 5.1km) -- reclaimed water can substitute for freshwater in cooling towers.,2.3410940191280734,2.0
1020877489,Virginia,VA,51,Loudoun County,107,Amazon Web Services,IAD161,Amazon Web Services,131482.0,-77.47326247561796,38.99660796472238,building,amazon,731801,731801-USA.21_1-1400,USA.21_1,United States,Maryland,236.989313922,Medium - High (20-40%),47.06938221781702,337.3605435455112,13.060000069439411,23.913333257039387,1011.0,17.648408554403247,5.1395109422541365,True,reclaimed_wastewater,closed_loop_dry_cooling,Within 40.2km of an EPA-identified reuse-capable treatment plant (nearest: 5.1km) -- reclaimed water can substitute for freshwater in cooling towers.,2.3410940191280734,2.0
1024051963,Utah,UT,49,Utah County,49,Meta,,Meta Eagle Mountain Data Center,344790.0,-112.01507681579746,40.26828850505122,building,meta,773816,773816-USA.45_1-1048,USA.45_1,United States,Utah,2607.70101796,Medium - High (20-40%),1098.9433032188997,16.67446980386322,9.260333463549614,21.06266721089681,354.0,5.710520440293728,4.623752209133646,True,reclaimed_wastewater,air_free_cooling,Within 40.2km of an EPA-identified reuse-capable treatment plant (nearest: 4.6km) -- reclaimed water can substitute for freshwater in cooling towers.,2.7010224442091864,1.0
1024051997,Utah,UT,49,Utah County,49,Meta,,Meta Eagle Mountain Data Center,626371.0,-112.01512736677896,40.2655639892377,building,meta,773816,773816-USA.45_1-1048,USA.45_1,United States,Utah,2607.70101796,Medium - High (20-40%),1098.8204322710317,16.457664393761817,9.260333463549614,21.06266721089681,354.0,5.710520440293728,4.9260440735475735,True,reclaimed_wastewater,air_free_cooling,Within 40.2km of an EPA-identified reuse-capable treatment plant (nearest: 4.9km) -- reclaimed water can substitute for freshwater in cooling towers.,2.7010224442091864,1.0
1027471509,Oregon,OR,41,Morrow County,49,Amazon Web Services,PDX66,Amazon Web Services us-west-2,211938.0,-119.60703845354756,45.84666781437448,building,amazon,782505,782505-USA.38_1-1182,USA.38_1,United States,Oregon,1154.52246441,Medium - High (20-40%),388.1206912402805,326.285192316759,11.800000061591469,21.67066637674968,209.0,9.403505508534728,14.132212468048523,True,reclaimed_wastewater,air_free_cooling,Within 40.2km of an EPA-identified reuse-capable treatment plant (nearest: 14.1km) -- reclaimed water can substitute for freshwater in cooling towers.,2.054509572995166,0.0
1027471510,Oregon,OR,41,Morrow County,49,Amazon Web Services,PDX68,Amazon Web Services us-west-2,221562.0,-119.60906254768788,45.846753781437606,building,amazon,782505,782505-USA.38_1-1182,USA.38_1,United States,Oregon,1154.52246441,Medium - High (20-40%),387.9319675462297,326.2428791041472,11.800000061591469,21.67066637674968,209.0,9.403505508534728,14.33664939149281,True,reclaimed_wastewater,air_free_cooling,Within 40.2km of an EPA-identified reuse-capable treatment plant (nearest: 14.3km) -- reclaimed water can substitute for freshwater in cooling towers.,2.054509572995166,0.0
1030970564,Virginia,VA,51,Henrico County,87,Meta,,Meta Henrico Data Center,327920.0,-77.23380499305182,37.48196326360026,building,meta,731905,731905-USA.47_1-1400,USA.47_1,United States,Virginia,2272.30944337,Medium - High (20-40%),18.61226257568781,144.2507117512623,14.326333463191986,24.296000162760414,1124.0,19.057827408452493,72.8541540166429,False,closed_loop_dry_cooling,,"No site-specific water resource, favorable climate, or campus infrastructure available. Closed-loop dry cooling requires no ongoing water withdrawal and serves as the universal fallback -- always feasible, at an energy-efficiency tradeoff.",2.3410940191280734,2.0
1035123473,Utah,UT,49,Utah County,49,Meta,,Meta Eagle Mountain Data Center,628165.0,-112.01505471830352,40.27233431054834,building,meta,773816,773816-USA.45_1-1048,USA.45_1,United States,Utah,2607.70101796,Medium - High (20-40%),1099.1203789463411,17.00133056190697,9.260333463549614,21.06266721089681,354.0,5.710520440293728,4.175625003285037,True,reclaimed_wastewater,air_free_cooling,Within 40.2km of an EPA-identified reuse-capable treatment plant (nearest: 4.2km) -- reclaimed water can substitute for freshwater in cooling towers.,2.7010224442091864,1.0
1035123482,Utah,UT,49,Utah County,49,,,Meta Eagle Mountain Data Center,22734233.0,-112.01771937397096,40.26819070295294,campus,meta,773816,773816-USA.45_1-1048,USA.45_1,United States,Utah,2607.70101796,Medium - High (20-40%),1098.6580782811586,16.910788265934396,9.260333463549614,21.06266721089681,354.0,5.710520440293728,4.669925100797177,True,reclaimed_wastewater,air_free_cooling,Within 40.2km of an EPA-identified reuse-capable treatment plant (nearest: 4.7km) -- reclaimed water can substitute for freshwater in cooling towers.,2.7010224442091864,1.0
1037871048,Virginia,VA,51,Loudoun County,107,Amazon Web Services,IAD601,Amazon IAD601,14384.0,-77.43777001853674,39.015262930158144,building,amazon,731801,731801-USA.21_1-1400,USA.21_1,United States,Maryland,236.989313922,Medium - High (20-40%),44.20984854948959,341.39088798075136,13.19699981311957,24.07866605122884,1009.0,17.63059221844134,2.4532954754054,True,reclaimed_wastewater,closed_loop_dry_cooling,Within 40.2km of an EPA-identified reuse-capable treatment plant (nearest: 2.5km) -- reclaimed water can substitute for freshwater in cooling towers.,2.3410940191280734,2.0
1038780426,Nebraska,NE,31,Sarpy County,153,,,Sarpy Meta Data Center,7817408.0,-96.14365637259768,41.11410707210003,campus,meta,742941,742941-USA.28_1-1263,USA.28_1,United States,Nebraska,3339.77523417,High (40-80%),1548.4846595375045,396.0123794701992,10.33433336019516,23.285332997639973,787.0,17.20086733361912,10.188255173445098,True,reclaimed_wastewater,immersion_cooling,Within 40.2km of an EPA-identified reuse-capable treatment plant (nearest: 10.2km) -- reclaimed water can substitute for freshwater in cooling towers.,3.0582237212061827,4.0
1054387470,Georgia,GA,13,Newton County,217,Meta,,Meta Stanton Springs Data Center,9032398.0,-83.70034219452744,33.60076107577663,campus,meta,732544,732544-USA.11_1-1400,USA.11_1,United States,Georgia,4851.18556686,Low - Medium (10-20%),346.7034843132049,83.68611056547758,16.431333382924397,25.36266644795736,1241.0,20.010950039584664,10.588133386920568,True,reclaimed_wastewater,immersion_cooling,Within 40.2km of an EPA-identified reuse-capable treatment plant (nearest: 10.6km) -- reclaimed water can substitute for freshwater in cooling towers.,1.7198213494300847,2.0
1054387471,Georgia,GA,13,Newton County,217,Meta,,,660258.0,-83.70541734238208,33.6013709927818,building,meta,732544,732544-USA.11_1-1400,USA.11_1,United States,Georgia,4851.18556686,Low - Medium (10-20%),347.2528115037203,83.40151722100424,16.431333382924397,25.36266644795736,1241.0,20.010950039584664,11.135047656968856,True,reclaimed_wastewater,closed_loop_dry_cooling,Within 40.2km of an EPA-identified reuse-capable treatment plant (nearest: 11.1km) -- reclaimed water can substitute for freshwater in cooling towers.,1.7198213494300847,2.0
1057230915,Oregon,OR,41,Morrow County,49,Amazon Web Services,PDX93,Amazon PDX93,213828.0,-119.68986643174064,45.83654228757941,building,amazon,782505,782505-USA.38_1-1182,USA.38_1,United States,Oregon,1154.52246441,Medium - High (20-40%),381.7626144580201,326.8467605156328,12.040333300828934,21.91866683959961,204.0,9.522258692992883,23.20289703005068,True,reclaimed_wastewater,air_free_cooling,Within 40.2km of an EPA-identified reuse-capable treatment plant (nearest: 23.2km) -- reclaimed water can substitute for freshwater in cooling towers.,2.054509572995166,0.0
1059030596,Virginia,VA,51,Prince William County,153,Amazon Web Services,,Amazon Web Services,111697.0,-77.53332238839505,38.74428601144499,building,amazon,731901,731901-USA.47_1-1400,USA.47_1,United States,Virginia,3775.42944138,Medium - High (20-40%),36.015270602022674,301.70295128610024,13.1639999995629,23.90933354695638,971.0,17.957911196944906,11.463783729403568,True,reclaimed_wastewater,closed_loop_dry_cooling,Within 40.2km of an EPA-identified reuse-capable treatment plant (nearest: 11.5km) -- reclaimed water can substitute for freshwater in cooling towers.,2.3410940191280734,2.0
1059037050,Virginia,VA,51,Prince William County,153,Amazon Web Services,IAD132,COPT Innovation Park Data Center,149206.0,-77.53062487747106,38.74388634728904,building,amazon,731901,731901-USA.47_1-1400,USA.47_1,United States,Virginia,3775.42944138,Medium - High (20-40%),35.713882803370126,301.77794359084163,13.1639999995629,23.90933354695638,971.0,17.957911196944906,11.267411468939176,True,reclaimed_wastewater,closed_loop_dry_cooling,Within 40.2km of an EPA-identified reuse-capable treatment plant (nearest: 11.3km) -- reclaimed water can substitute for freshwater in cooling towers.,2.3410940191280734,2.0
1059037051,Virginia,VA,51,Prince William County,153,Amazon Web Services,IAD133,COPT Data Center Bldg 2,104114.0,-77.5291961000727,38.74405494832178,building,amazon,731901,731901-USA.47_1-1400,USA.47_1,United States,Virginia,3775.42944138,Medium - High (20-40%),35.57325667379884,301.8669686032485,13.1639999995629,23.90933354695638,971.0,17.957911196944906,11.13685136399616,True,reclaimed_wastewater,closed_loop_dry_cooling,Within 40.2km of an EPA-identified reuse-capable treatment plant (nearest: 11.1km) -- reclaimed water can substitute for freshwater in cooling towers.,2.3410940191280734,2.0
1065780801,California,CA,6,Santa Clara County,85,Amazon Web Services,,Amazon,98142.0,-121.96598983231348,37.3899327218429,building,amazon,774300,774300-USA.5_1-1403,USA.5_1,United States,California,95.8540797443,High (40-80%),11.817320908893109,258.268384981922,15.857666889826456,20.29733403523763,369.0,11.965033779521288,6.361992992853815,True,reclaimed_wastewater,air_free_cooling,Within 40.2km of an EPA-identified reuse-capable treatment plant (nearest: 6.4km) -- reclaimed water can substitute for freshwater in cooling towers.,3.1643076461845405,2.0
1069388067,South Carolina,SC,45,Berkeley County,15,Google,,,182645.0,-80.03831641068669,33.06202195137125,building,google,732510,732510-USA.11_1-1400,USA.11_1,United States,Georgia,2.60904634465,Low - Medium (10-20%),29.75910226911824,20.45978906703233,18.13066673278809,26.332000096639,1281.0,21.47691696876204,122.98674512496028,False,closed_loop_dry_cooling,,"No site-specific water resource, favorable climate, or campus infrastructure available. Closed-loop dry cooling requires no ongoing water withdrawal and serves as the universal fallback -- always feasible, at an energy-efficiency tradeoff.",1.8697480022786608,1.5
1069388075,South Carolina,SC,45,Berkeley County,15,Google,,Google,181261.0,-80.03966007767937,33.06217398793264,building,google,732510,732510-USA.11_1-1400,USA.11_1,United States,Georgia,2.60904634465,Low - Medium (10-20%),29.83418518411755,20.44408736789792,18.13066673278809,26.332000096639,1281.0,21.47691696876204,123.10533183672383,False,closed_loop_dry_cooling,,"No site-specific water resource, favorable climate, or campus infrastructure available. Closed-loop dry cooling requires no ongoing water withdrawal and serves as the universal fallback -- always feasible, at an energy-efficiency tradeoff.",1.8697480022786608,1.5
1069388095,South Carolina,SC,45,Berkeley County,15,Google,,Google,206252.0,-80.041154478933,33.0620532330343,building,google,732510,732510-USA.11_1-1400,USA.11_1,United States,Georgia,2.60904634465,Low - Medium (10-20%),29.88281093705973,20.466385822482177,18.13066673278809,26.332000096639,1281.0,21.47691696876204,123.25410462984875,False,closed_loop_dry_cooling,,"No site-specific water resource, favorable climate, or campus infrastructure available. Closed-loop dry cooling requires no ongoing water withdrawal and serves as the universal fallback -- always feasible, at an energy-efficiency tradeoff.",1.8697480022786608,1.5
1069388141,South Carolina,SC,45,Berkeley County,15,Google,,Google,181645.0,-80.03845634859405,33.064311956552835,building,google,732510,732510-USA.11_1-1400,USA.11_1,United States,Georgia,2.60904634465,Low - Medium (10-20%),30.047102378830942,20.156140121985118,18.13066673278809,26.332000096639,1281.0,21.47691696876204,122.8671547189398,False,closed_loop_dry_cooling,,"No site-specific water resource, favorable climate, or campus infrastructure available. Closed-loop dry cooling requires no ongoing water withdrawal and serves as the universal fallback -- always feasible, at an energy-efficiency tradeoff.",1.8697480022786608,1.5
1069388147,South Carolina,SC,45,Berkeley County,15,Google,,Google,131216.0,-80.0384282206963,33.06643643704493,building,google,732510,732510-USA.11_1-1400,USA.11_1,United States,Georgia,2.60904634465,Low - Medium (10-20%),30.30809803391097,19.873962639174664,18.13066673278809,26.332000096639,1281.0,21.47691696876204,122.74157181432622,False,closed_loop_dry_cooling,,"No site-specific water resource, favorable climate, or campus infrastructure available. Closed-loop dry cooling requires no ongoing water withdrawal and serves as the universal fallback -- always feasible, at an energy-efficiency tradeoff.",1.8697480022786608,1.5
1069388156,South Carolina,SC,45,Berkeley County,15,Google,,Google,249320.0,-80.0435751320087,33.06415660970066,building,google,732510,732510-USA.11_1-1400,USA.11_1,United States,Georgia,2.60904634465,Low - Medium (10-20%),30.24456999804917,20.200440865056752,18.215333223342896,26.414666493733723,1287.0,21.44370662988865,123.3623064844204,False,closed_loop_dry_cooling,,"No site-specific water resource, favorable climate, or campus infrastructure available. Closed-loop dry cooling requires no ongoing water withdrawal and serves as the universal fallback -- always feasible, at an energy-efficiency tradeoff.",1.8697480022786608,1.5
1069388186,South Carolina,SC,45,Berkeley County,15,Google,,Google,697831.0,-80.04505685925874,33.062000589098496,building,google,732510,732510-USA.11_1-1400,USA.11_1,United States,Georgia,2.60904634465,Low - Medium (10-20%),30.04583811918908,20.49601741019245,18.215333223342896,26.414666493733723,1287.0,21.44370662988865,123.62762812285372,False,closed_loop_dry_cooling,,"No site-specific water resource, favorable climate, or campus infrastructure available. Closed-loop dry cooling requires no ongoing water withdrawal and serves as the universal fallback -- always feasible, at an energy-efficiency tradeoff.",1.8697480022786608,1.5
1069388211,South Carolina,SC,45,Berkeley County,15,Google,,Google,145533.0,-80.04606755156347,33.06443480153904,building,google,732510,732510-USA.11_1-1400,USA.11_1,United States,Georgia,2.60904634465,Low - Medium (10-20%),30.38729527235906,20.180038533649785,18.215333223342896,26.414666493733723,1287.0,21.44370662988865,123.58325580590974,False,closed_loop_dry_cooling,,"No site-specific water resource, favorable climate, or campus infrastructure available. Closed-loop dry cooling requires no ongoing water withdrawal and serves as the universal fallback -- always feasible, at an energy-efficiency tradeoff.",1.8697480022786608,1.5
1070895993,Georgia,GA,13,Newton County,217,Meta,,,763506.0,-83.69683907912508,33.60009367954904,building,meta,732544,732544-USA.11_1-1400,USA.11_1,United States,Georgia,4851.18556686,Low - Medium (10-20%),346.31095343067227,83.91476653114036,16.431333382924397,25.36266644795736,1241.0,20.010950039584664,10.216776900314978,True,reclaimed_wastewater,closed_loop_dry_cooling,Within 40.2km of an EPA-identified reuse-capable treatment plant (nearest: 10.2km) -- reclaimed water can substitute for freshwater in cooling towers.,1.7198213494300847,2.0
1070895994,Georgia,GA,13,Newton County,217,Meta,,,342886.0,-83.69501281261269,33.59802145151715,building,meta,732544,732544-USA.11_1-1400,USA.11_1,United States,Georgia,4851.18556686,Low - Medium (10-20%),346.01260845110664,84.24788047733092,16.431333382924397,25.36266644795736,1241.0,20.010950039584664,10.060812343291122,True,reclaimed_wastewater,closed_loop_dry_cooling,Within 40.2km of an EPA-identified reuse-capable treatment plant (nearest: 10.1km) -- reclaimed water can substitute for freshwater in cooling towers.,1.7198213494300847,2.0
1071772119,Washington,WA,53,Douglas County,17,Microsoft,,Microsoft EAT02,246129.0,-120.20768784943974,47.416868024109554,building,microsoft,782615,782615-USA.48_1-1182,USA.48_1,United States,Washington,3795.4300743,Low (<10%),235.6547624260529,73.50210285700557,8.726333369811377,19.480000178019207,324.0,6.889275055653304,45.19172053544349,False,air_free_cooling,closed_loop_dry_cooling,"Summer climate (avg 19.5C, dew point 6.9C) falls within ASHRAE's recommended free-air cooling envelope -- minimal-to-no evaporative water use for most of the year.",0.3893144706188369,0.0
1073720208,Iowa,IA,19,Pottawattamie County,155,Google,,Google,76005.0,-95.80485695055478,41.17734372844027,building,google,742951,742951-USA.16_1-1263,USA.16_1,United States,Iowa,11463.5221858,Low - Medium (10-20%),1551.981064788271,416.0242852722788,10.454666634400686,23.478666305541992,781.0,17.509605545425355,3.695146118604001,True,reclaimed_wastewater,closed_loop_dry_cooling,Within 40.2km of an EPA-identified reuse-capable treatment plant (nearest: 3.7km) -- reclaimed water can substitute for freshwater in cooling towers.,1.1889931573790973,0.0
1073720209,Iowa,IA,19,Pottawattamie County,155,Google,,Google,318940.0,-95.80637969473156,41.17727415208592,building,google,742951,742951-USA.16_1-1263,USA.16_1,United States,Iowa,11463.5221858,Low - Medium (10-20%),1551.9946037739248,415.90682882127777,10.454666634400686,23.478666305541992,781.0,17.509605545425355,3.5291459464730184,True,reclaimed_wastewater,closed_loop_dry_cooling,Within 40.2km of an EPA-identified reuse-capable treatment plant (nearest: 3.5km) -- reclaimed water can substitute for freshwater in cooling towers.,1.1889931573790973,0.0
1073720210,Iowa,IA,19,Pottawattamie County,155,Google,,Google,258223.0,-95.8032146599412,41.17745636098298,building,google,742951,742951-USA.16_1-1263,USA.16_1,United States,Iowa,11463.5221858,Low - Medium (10-20%),1551.9719890874512,416.1472299957707,10.454666634400686,23.478666305541992,781.0,17.509605545425355,3.8754941442527455,True,reclaimed_wastewater,closed_loop_dry_cooling,Within 40.2km of an EPA-identified reuse-capable treatment plant (nearest: 3.9km) -- reclaimed water can substitute for freshwater in cooling towers.,1.1889931573790973,0.0
1073720211,Iowa,IA,19,Pottawattamie County,155,Google,,Google,211543.0,-95.80096717468037,41.17748290529598,building,google,742951,742951-USA.16_1-1263,USA.16_1,United States,Iowa,11463.5221858,Low - Medium (10-20%),1551.940917981792,416.32835393509134,10.454666634400686,23.478666305541992,781.0,17.509605545425355,4.11952968413338,True,reclaimed_wastewater,closed_loop_dry_cooling,Within 40.2km of an EPA-identified reuse-capable treatment plant (nearest: 4.1km) -- reclaimed water can substitute for freshwater in cooling towers.,1.1889931573790973,0.0
1073720212,Iowa,IA,19,Pottawattamie County,155,Google,,Google,131491.0,-95.80676284722784,41.17554012114429,building,google,742951,742951-USA.16_1-1263,USA.16_1,United States,Iowa,11463.5221858,Low - Medium (10-20%),1551.7466485712523,416.0497408878007,10.454666634400686,23.478666305541992,781.0,17.509605545425355,3.4439600827661825,True,reclaimed_wastewater,closed_loop_dry_cooling,Within 40.2km of an EPA-identified reuse-capable treatment plant (nearest: 3.4km) -- reclaimed water can substitute for freshwater in cooling towers.,1.1889931573790973,0.0
1073720213,Iowa,IA,19,Pottawattamie County,155,Google,,Google,129827.0,-95.80565239909376,41.17554005850446,building,google,742951,742951-USA.16_1-1263,USA.16_1,United States,Iowa,11463.5221858,Low - Medium (10-20%),1551.7293280180425,416.1404488561219,10.454666634400686,23.478666305541992,781.0,17.509605545425355,3.564989696401537,True,reclaimed_wastewater,closed_loop_dry_cooling,Within 40.2km of an EPA-identified reuse-capable treatment plant (nearest: 3.6km) -- reclaimed water can substitute for freshwater in cooling towers.,1.1889931573790973,0.0
1073720214,Iowa,IA,19,Pottawattamie County,155,Google,,Google,132118.0,-95.80449329746104,41.17554283490945,building,google,742951,742951-USA.16_1-1263,USA.16_1,United States,Iowa,11463.5221858,Low - Medium (10-20%),1551.7116750250418,416.23486374834687,10.454666634400686,23.478666305541992,781.0,17.509605545425355,3.6915544030970495,True,reclaimed_wastewater,closed_loop_dry_cooling,Within 40.2km of an EPA-identified reuse-capable treatment plant (nearest: 3.7km) -- reclaimed water can substitute for freshwater in cooling towers.,1.1889931573790973,0.0
1073720215,Iowa,IA,19,Pottawattamie County,155,Google,,Google,132254.0,-95.8033895382722,41.175543648575314,building,google,742951,742951-USA.16_1-1263,USA.16_1,United States,Iowa,11463.5221858,Low - Medium (10-20%),1551.6946066651712,416.3249717781495,10.454666634400686,23.478666305541992,781.0,17.509605545425355,3.81218370983648,True,reclaimed_wastewater,closed_loop_dry_cooling,Within 40.2km of an EPA-identified reuse-capable treatment plant (nearest: 3.8km) -- reclaimed water can substitute for freshwater in cooling towers.,1.1889931573790973,0.0
1073720216,Iowa,IA,19,Pottawattamie County,155,Google,,Google,130820.0,-95.80222393205068,41.175547389125526,building,google,742951,742951-USA.16_1-1263,USA.16_1,United States,Iowa,11463.5221858,Low - Medium (10-20%),1551.6770142155638,416.4198577356688,10.454666634400686,23.478666305541992,781.0,17.509605545425355,3.939769768176729,True,reclaimed_wastewater,closed_loop_dry_cooling,Within 40.2km of an EPA-identified reuse-capable treatment plant (nearest: 3.9km) -- reclaimed water can substitute for freshwater in cooling towers.,1.1889931573790973,0.0
1073720217,Iowa,IA,19,Pottawattamie County,155,Google,,Google,129628.0,-95.80111944856117,41.17554529809748,building,google,742951,742951-USA.16_1-1263,USA.16_1,United States,Iowa,11463.5221858,Low - Medium (10-20%),1551.6595288400288,416.51035105992327,10.454666634400686,23.478666305541992,781.0,17.509605545425355,4.060676477615459,True,reclaimed_wastewater,closed_loop_dry_cooling,Within 40.2km of an EPA-identified reuse-capable treatment plant (nearest: 4.1km) -- reclaimed water can substitute for freshwater in cooling towers.,1.1889931573790973,0.0
1073720218,Iowa,IA,19,Pottawattamie County,155,Google,,Google,134444.0,-95.79994803209584,41.17555376295006,building,google,742951,742951-USA.16_1-1263,USA.16_1,United States,Iowa,11463.5221858,Low - Medium (10-20%),1551.6425586865337,416.6052744572273,10.454666634400686,23.478666305541992,781.0,17.509605545425355,4.18922849330449,True,reclaimed_wastewater,closed_loop_dry_cooling,Within 40.2km of an EPA-identified reuse-capable treatment plant (nearest: 4.2km) -- reclaimed water can substitute for freshwater in cooling towers.,1.1889931573790973,0.0
1073720219,Iowa,IA,19,Pottawattamie County,155,Google,,Google,174264.0,-95.80402364214318,41.1726347246986,building,google,742951,742951-USA.16_1-1263,USA.16_1,United States,Iowa,11463.5221858,Low - Medium (10-20%),1551.2785070765112,416.5654410336638,10.454666634400686,23.478666305541992,781.0,17.509605545425355,3.6965679910627,True,reclaimed_wastewater,closed_loop_dry_cooling,Within 40.2km of an EPA-identified reuse-capable treatment plant (nearest: 3.7km) -- reclaimed water can substitute for freshwater in cooling towers.,1.1889931573790973,0.0
1073720220,Iowa,IA,19,Pottawattamie County,155,Google,,Google,174583.0,-95.80252143647044,41.172640078023726,building,google,742951,742951-USA.16_1-1263,USA.16_1,United States,Iowa,11463.5221858,Low - Medium (10-20%),1551.2559003971464,416.6875781716465,10.454666634400686,23.478666305541992,781.0,17.509605545425355,3.8628566610553223,True,reclaimed_wastewater,closed_loop_dry_cooling,Within 40.2km of an EPA-identified reuse-capable treatment plant (nearest: 3.9km) -- reclaimed water can substitute for freshwater in cooling towers.,1.1889931573790973,0.0
1073720221,Iowa,IA,19,Pottawattamie County,155,Google,,Google,158241.0,-95.8011477197886,41.17261142832355,building,google,742951,742951-USA.16_1-1263,USA.16_1,United States,Iowa,11463.5221858,Low - Medium (10-20%),1551.2303305893183,416.80266586899535,10.454666634400686,23.478666305541992,781.0,17.509605545425355,4.014632747440216,True,reclaimed_wastewater,closed_loop_dry_cooling,Within 40.2km of an EPA-identified reuse-capable treatment plant (nearest: 4.0km) -- reclaimed water can substitute for freshwater in cooling towers.,1.1889931573790973,0.0
1075278060,Iowa,IA,19,Warren County,181,Microsoft,,Microsoft,242270.0,-93.78699632287524,41.49683039481866,building,microsoft,742843,742843-USA.16_1-1342,USA.16_1,United States,Iowa,187.257056446,Low - Medium (10-20%),1582.9739048720862,555.8016158724065,9.703333159287771,22.70533307393392,863.0,17.465217108088087,121.8093297507709,False,closed_loop_dry_cooling,,"No site-specific water resource, favorable climate, or campus infrastructure available. Closed-loop dry cooling requires no ongoing water withdrawal and serves as the universal fallback -- always feasible, at an energy-efficiency tradeoff.",1.1889931573790973,0.0
1075278061,Iowa,IA,19,Dallas County,49,Microsoft,,Microsoft,90065.0,-93.82631357913507,41.5398138870052,building,microsoft,742844,742844-USA.16_1-1263,USA.16_1,United States,Iowa,5238.18251468,Low - Medium (10-20%),1590.259760208245,554.8993045530426,9.72900011142095,22.73066711425781,854.0,17.510661895551333,115.33926778989044,False,closed_loop_dry_cooling,,"No site-specific water resource, favorable climate, or campus infrastructure available. Closed-loop dry cooling requires no ongoing water withdrawal and serves as the universal fallback -- always feasible, at an energy-efficiency tradeoff.",1.1889931573790973,0.0
1075278062,Iowa,IA,19,Dallas County,49,Microsoft,,Microsoft,80538.0,-93.82866540068235,41.539670453163886,building,microsoft,742844,742844-USA.16_1-1263,USA.16_1,United States,Iowa,5238.18251468,Low - Medium (10-20%),1590.3051861183303,555.1117212085002,9.72900011142095,22.73066711425781,854.0,17.510661895551333,115.1849239277601,False,closed_loop_dry_cooling,,"No site-specific water resource, favorable climate, or campus infrastructure available. Closed-loop dry cooling requires no ongoing water withdrawal and serves as the universal fallback -- always feasible, at an energy-efficiency tradeoff.",1.1889931573790973,0.0
1083297858,Arizona,AZ,4,Maricopa County,13,Meta,,Meta Data Center,14850970.0,-111.6303055253432,33.34359228321252,campus,meta,772250,772250-USA.3_1-1483,USA.3_1,United States,Arizona,85.230968149,High (40-80%),324.27182840775697,300.1200183303945,21.555000225702923,31.19466718037923,270.0,11.40416491317066,7.1359083899990345,True,reclaimed_wastewater,immersion_cooling,Within 40.2km of an EPA-identified reuse-capable treatment plant (nearest: 7.1km) -- reclaimed water can substitute for freshwater in cooling towers.,3.621307686265388,1.5
1088203906,Virginia,VA,51,Loudoun County,107,Amazon Web Services,,Amazon Web Services,96372.0,-77.45200064122655,39.01674414789713,building,amazon,731801,731801-USA.21_1-1400,USA.21_1,United States,Maryland,236.989313922,Medium - High (20-40%),45.76296410102469,340.94903499260016,13.19699981311957,24.07866605122884,1009.0,17.63059221844134,2.092128832819409,True,reclaimed_wastewater,closed_loop_dry_cooling,Within 40.2km of an EPA-identified reuse-capable treatment plant (nearest: 2.1km) -- reclaimed water can substitute for freshwater in cooling towers.,2.3410940191280734,2.0
1088203907,Virginia,VA,51,Loudoun County,107,Amazon Web Services,,Amazon Web Services,96367.0,-77.45314511765301,39.01588594875254,building,amazon,731801,731801-USA.21_1-1400,USA.21_1,United States,Maryland,236.989313922,Medium - High (20-40%),45.83798753613358,340.7854213638801,13.19699981311957,24.07866605122884,1009.0,17.63059221844134,2.217151651212241,True,reclaimed_wastewater,closed_loop_dry_cooling,Within 40.2km of an EPA-identified reuse-capable treatment plant (nearest: 2.2km) -- reclaimed water can substitute for freshwater in cooling towers.,2.3410940191280734,2.0
1091128478,Arizona,AZ,4,Maricopa County,13,Microsoft,PHX-11,PHX-11,248866.0,-112.3648033961419,33.40903088866142,building,microsoft,772217,772217-USA.3_1-1483,USA.3_1,United States,Arizona,5.03417042733,High (40-80%),289.6547290115879,224.2402340277404,21.781999985376995,32.00400034586588,175.0,11.881042498886575,2.8567765714484112,True,reclaimed_wastewater,closed_loop_dry_cooling,Within 40.2km of an EPA-identified reuse-capable treatment plant (nearest: 2.9km) -- reclaimed water can substitute for freshwater in cooling towers.,3.621307686265388,1.5
1103333136,Tennessee,TN,47,Montgomery County,125,Google,SPC1A,Google,169733.0,-87.26351478308135,36.62483034098189,building,google,742642,742642-USA.18_1-1216,USA.18_1,United States,Kentucky,1762.29519551,Low - Medium (10-20%),792.8168465438598,68.93222967688466,14.089666694402696,24.60400009155273,1294.0,19.32444414201299,50.5440912122379,False,closed_loop_dry_cooling,,"No site-specific water resource, favorable climate, or campus infrastructure available. Closed-loop dry cooling requires no ongoing water withdrawal and serves as the universal fallback -- always feasible, at an energy-efficiency tradeoff.",1.3726966098056523,1.0
1103333137,Tennessee,TN,47,Montgomery County,125,Google,Building 3,SPC3A,169748.0,-87.25902652953205,36.62430276342711,building,google,742642,742642-USA.18_1-1216,USA.18_1,United States,Kentucky,1762.29519551,Low - Medium (10-20%),792.79803575949,69.43467313975898,14.089666694402696,24.60400009155273,1294.0,19.32444414201299,50.542827879317365,False,closed_loop_dry_cooling,,"No site-specific water resource, favorable climate, or campus infrastructure available. Closed-loop dry cooling requires no ongoing water withdrawal and serves as the universal fallback -- always feasible, at an energy-efficiency tradeoff.",1.3726966098056523,1.0
1106454555,Virginia,VA,51,Loudoun County,107,Amazon Web Services,IAD143,Amazon Web Services,132491.0,-77.41749033094966,38.97955740282415,building,amazon,731801,731801-USA.21_1-1400,USA.21_1,United States,Maryland,236.989313922,Medium - High (20-40%),40.42444890703925,337.64831525924404,13.299333383639654,24.203999837239586,1015.0,17.63793051602648,7.016739551754355,True,reclaimed_wastewater,closed_loop_dry_cooling,Within 40.2km of an EPA-identified reuse-capable treatment plant (nearest: 7.0km) -- reclaimed water can substitute for freshwater in cooling towers.,2.3410940191280734,2.0
1124864831,Virginia,VA,51,Loudoun County,107,Microsoft,,Microsoft IAD11,242344.0,-77.5559109545917,38.94825818613084,building,microsoft,731801,731801-USA.21_1-1400,USA.21_1,United States,Maryland,236.989313922,Medium - High (20-40%),54.68014465554305,327.40489725172114,12.672000092764696,23.33733367919922,1014.0,17.610658399816764,15.434524785444196,True,reclaimed_wastewater,closed_loop_dry_cooling,Within 40.2km of an EPA-identified reuse-capable treatment plant (nearest: 15.4km) -- reclaimed water can substitute for freshwater in cooling towers.,2.3410940191280734,2.0
1126159710,Oregon,OR,41,Umatilla County,59,Amazon Web Services,PDX63,Amazon PDX63,227376.0,-119.32052237838585,45.901449845508274,building,amazon,782506,782506-USA.38_1-1182,USA.38_1,United States,Oregon,2255.5299837,Medium - High (20-40%),409.2658471078742,323.3324261547249,11.993000169595083,22.090667088826496,225.0,9.195779693962564,17.126375639895297,True,reclaimed_wastewater,air_free_cooling,Within 40.2km of an EPA-identified reuse-capable treatment plant (nearest: 17.1km) -- reclaimed water can substitute for freshwater in cooling towers.,2.054509572995166,0.0
1126159711,Oregon,OR,41,Umatilla County,59,Amazon Web Services,PDX65,Amazon PDX65,217425.0,-119.32049760712084,45.90276331956975,building,amazon,782506,782506-USA.38_1-1182,USA.38_1,United States,Oregon,2255.5299837,Medium - High (20-40%),409.1534509731966,323.1284513379607,11.993000169595083,22.090667088826496,225.0,9.195779693962564,17.237778503351347,True,reclaimed_wastewater,air_free_cooling,Within 40.2km of an EPA-identified reuse-capable treatment plant (nearest: 17.2km) -- reclaimed water can substitute for freshwater in cooling towers.,2.054509572995166,0.0
1126159714,Oregon,OR,41,Umatilla County,59,Amazon Web Services,PDX67,Amazon PDX67,219900.0,-119.32048702148562,45.90385105351774,building,amazon,782506,782506-USA.38_1-1182,USA.38_1,United States,Oregon,2255.5299837,Medium - High (20-40%),409.05950173771487,322.9592832486348,11.993000169595083,22.090667088826496,225.0,9.195779693962564,17.331116992979506,True,reclaimed_wastewater,air_free_cooling,Within 40.2km of an EPA-identified reuse-capable treatment plant (nearest: 17.3km) -- reclaimed water can substitute for freshwater in cooling towers.,2.054509572995166,0.0
1126159715,Oregon,OR,41,Umatilla County,59,Amazon Web Services,PDX69,Amazon PDX69,219735.0,-119.32016656388495,45.9050943707071,building,amazon,782506,782506-USA.38_1-1182,USA.38_1,United States,Oregon,2255.5299837,Medium - High (20-40%),408.9809550521432,322.77374446665823,11.993000169595083,22.090667088826496,225.0,9.195779693962564,17.41688711817471,True,reclaimed_wastewater,air_free_cooling,Within 40.2km of an EPA-identified reuse-capable treatment plant (nearest: 17.4km) -- reclaimed water can substitute for freshwater in cooling towers.,2.054509572995166,0.0
1126774147,Missouri,MO,29,Clay County,47,Meta,,Meta Kansas City Data Center,13516765.0,-94.59555838490552,39.32235240495545,campus,meta,742932,742932-USA.16_1-1342,USA.16_1,United States,Iowa,520.496661836,Low - Medium (10-20%),1268.8170535261108,706.7537068341551,12.134999764462313,24.278666178385414,971.0,18.11887254171687,122.7883098707028,False,immersion_cooling,closed_loop_dry_cooling,"Campus-type facility with space for new cooling infrastructure; no site-specific water resource (coast/lake/reclaimed) or favorable climate available nearby, so a high-water-savings retrofit technology is recommended instead.",1.0305862639296823,0.0
1132541700,Virginia,VA,51,Henrico County,87,Meta,,Meta Henrico Data Center,604696.0,-77.22645499748526,37.47784537590615,building,meta,731905,731905-USA.47_1-1400,USA.47_1,United States,Virginia,2272.30944337,Medium - High (20-40%),18.140698814703214,144.1565698894438,14.326333463191986,24.296000162760414,1124.0,19.057827408452493,71.9212518365298,False,closed_loop_dry_cooling,,"No site-specific water resource, favorable climate, or campus infrastructure available. Closed-loop dry cooling requires no ongoing water withdrawal and serves as the universal fallback -- always feasible, at an energy-efficiency tradeoff.",2.3410940191280734,2.0
1134911640,Virginia,VA,51,Prince William County,153,Amazon Web Services,IAD105,AWS IAD105,214270.0,-77.51947530248223,38.747595868302135,building,amazon,731901,731901-USA.47_1-1400,USA.47_1,United States,Virginia,3775.42944138,Medium - High (20-40%),34.747239123480064,302.7834643006701,13.1639999995629,23.90933354695638,971.0,17.957911196944906,10.081569302201746,True,reclaimed_wastewater,closed_loop_dry_cooling,Within 40.2km of an EPA-identified reuse-capable treatment plant (nearest: 10.1km) -- reclaimed water can substitute for freshwater in cooling towers.,2.3410940191280734,2.0
1134911641,Virginia,VA,51,Prince William County,153,Amazon Web Services,IAD104,AWS IAD104,214258.0,-77.52070480173404,38.7483738354232,building,amazon,731901,731901-USA.47_1-1400,USA.47_1,United States,Virginia,3775.42944138,Medium - High (20-40%),34.91569807999471,302.8258402193465,13.1639999995629,23.90933354695638,971.0,17.957911196944906,10.119003154803844,True,reclaimed_wastewater,closed_loop_dry_cooling,Within 40.2km of an EPA-identified reuse-capable treatment plant (nearest: 10.1km) -- reclaimed water can substitute for freshwater in cooling towers.,2.3410940191280734,2.0
1154503131,Ohio,OH,39,Franklin County,49,Amazon Web Services,,Amazon Web Services,150776.0,-83.1995825830434,40.10176652448264,building,amazon,742678,742678-USA.36_1-1216,USA.36_1,United States,Ohio,17080.6952719,Low (<10%),693.2543047116513,197.9609563369311,10.671666856855154,22.086666742960613,951.0,16.5425757989286,47.78609570285794,False,closed_loop_dry_cooling,,"No site-specific water resource, favorable climate, or campus infrastructure available. Closed-loop dry cooling requires no ongoing water withdrawal and serves as the universal fallback -- always feasible, at an energy-efficiency tradeoff.",0.9286729699549354,0.0
1154503132,Ohio,OH,39,Franklin County,49,Amazon Web Services,,Amazon Web Services,150211.0,-83.19947533976502,40.10076813040696,building,amazon,742678,742678-USA.36_1-1216,USA.36_1,United States,Ohio,17080.6952719,Low (<10%),693.1927146128288,198.102684901748,10.671666856855154,22.086666742960613,951.0,16.5425757989286,47.84597168739084,False,closed_loop_dry_cooling,,"No site-specific water resource, favorable climate, or campus infrastructure available. Closed-loop dry cooling requires no ongoing water withdrawal and serves as the universal fallback -- always feasible, at an energy-efficiency tradeoff.",0.9286729699549354,0.0
1154503133,Ohio,OH,39,Franklin County,49,Amazon Web Services,,Amazon Web Services,131786.0,-83.1992604839832,40.09978650124,building,amazon,742678,742678-USA.36_1-1216,USA.36_1,United States,Ohio,17080.6952719,Low (<10%),693.1207589739562,198.24016527332088,10.671666856855154,22.086666742960613,951.0,16.5425757989286,47.89553237994566,False,closed_loop_dry_cooling,,"No site-specific water resource, favorable climate, or campus infrastructure available. Closed-loop dry cooling requires no ongoing water withdrawal and serves as the universal fallback -- always feasible, at an energy-efficiency tradeoff.",0.9286729699549354,0.0
1160814413,Alabama,AL,1,Madison County,89,Meta,,Meta Huntsville Data center,578342.0,-86.6269185980179,34.847333791994075,building,meta,742623,742623-USA.1_1-1216,USA.1_1,United States,Alabama,17662.7038074,Low - Medium (10-20%),563.083602317817,46.41612009566301,15.05433315038681,24.67066637674968,1444.0,19.67839418783489,84.858400800783,False,closed_loop_dry_cooling,,"No site-specific water resource, favorable climate, or campus infrastructure available. Closed-loop dry cooling requires no ongoing water withdrawal and serves as the universal fallback -- always feasible, at an energy-efficiency tradeoff.",1.3592511298828778,1.0
1160814415,Alabama,AL,1,Madison County,89,Meta,,Meta Huntsville Data center,352651.0,-86.62886566493462,34.843182229068525,building,meta,742623,742623-USA.1_1-1216,USA.1_1,United States,Alabama,17662.7038074,Low - Medium (10-20%),562.5050423539493,45.954564452105856,15.05433315038681,24.67066637674968,1444.0,19.67839418783489,85.2566207086301,False,closed_loop_dry_cooling,,"No site-specific water resource, favorable climate, or campus infrastructure available. Closed-loop dry cooling requires no ongoing water withdrawal and serves as the universal fallback -- always feasible, at an energy-efficiency tradeoff.",1.3592511298828778,1.0
1160814416,Alabama,AL,1,Madison County,89,Meta,,Meta Huntsville Data center,857148.0,-86.62884123942305,34.84043160671047,building,meta,742623,742623-USA.1_1-1216,USA.1_1,United States,Alabama,17662.7038074,Low - Medium (10-20%),562.1333552906567,45.7538857885697,15.05433315038681,24.67066637674968,1444.0,19.67839418783489,85.39030613145304,False,closed_loop_dry_cooling,,"No site-specific water resource, favorable climate, or campus infrastructure available. Closed-loop dry cooling requires no ongoing water withdrawal and serves as the universal fallback -- always feasible, at an energy-efficiency tradeoff.",1.3592511298828778,1.0
1161094246,Virginia,VA,51,Loudoun County,107,Amazon Web Services,IAD142,Amazon Web Services,129566.0,-77.41990459458856,38.97914745231349,building,amazon,731801,731801-USA.21_1-1400,USA.21_1,United States,Maryland,236.989313922,Medium - High (20-40%),40.66693204645428,337.48348452892435,13.299333383639654,24.203999837239586,1015.0,17.63793051602648,6.933637906452105,True,reclaimed_wastewater,closed_loop_dry_cooling,Within 40.2km of an EPA-identified reuse-capable treatment plant (nearest: 6.9km) -- reclaimed water can substitute for freshwater in cooling towers.,2.3410940191280734,2.0
1173537116,Washington,WA,53,Douglas County,17,Microsoft,,Microsoft EAT03,235418.0,-120.20770997491816,47.41832392189266,building,microsoft,782615,782615-USA.48_1-1182,USA.48_1,United States,Washington,3795.4300743,Low (<10%),235.6598304942998,73.27801088583597,8.726333369811377,19.480000178019207,324.0,6.889275055653304,45.27298204814571,False,air_free_cooling,closed_loop_dry_cooling,"Summer climate (avg 19.5C, dew point 6.9C) falls within ASHRAE's recommended free-air cooling envelope -- minimal-to-no evaporative water use for most of the year.",0.3893144706188369,0.0
1173537117,Washington,WA,53,Douglas County,17,Microsoft,,Microsoft EAT04,234834.0,-120.21382073657306,47.419636588714944,building,microsoft,782615,782615-USA.48_1-1182,USA.48_1,United States,Washington,3795.4300743,Low (<10%),234.9869498220092,73.31278498234988,9.573333342870075,20.324000040690105,279.0,7.816935994500415,45.937275141256166,False,air_free_cooling,closed_loop_dry_cooling,"Summer climate (avg 20.3C, dew point 7.8C) falls within ASHRAE's recommended free-air cooling envelope -- minimal-to-no evaporative water use for most of the year.",0.3893144706188369,0.0
1173569101,Iowa,IA,19,Dallas County,49,Microsoft,,Microsoft,250486.0,-93.86344403715006,41.534990295223466,building,microsoft,742844,742844-USA.16_1-1263,USA.16_1,United States,Iowa,5238.18251468,Low - Medium (10-20%),1589.7361043067358,558.5048980519636,9.68866636355718,22.63333257039388,853.0,17.508550077435718,113.17337181506868,False,closed_loop_dry_cooling,,"No site-specific water resource, favorable climate, or campus infrastructure available. Closed-loop dry cooling requires no ongoing water withdrawal and serves as the universal fallback -- always feasible, at an energy-efficiency tradeoff.",1.1889931573790973,0.0
1173770902,Virginia,VA,51,Loudoun County,107,Google,ARA2,Google: Arcola 2,289889.0,-77.52742942359154,38.94182146398183,building,google,731801,731801-USA.21_1-1400,USA.21_1,United States,Maryland,236.989313922,Medium - High (20-40%),51.4240332278694,327.7766012492271,12.783999917407831,23.53466669718425,1013.0,17.638978155379732,13.648179046922383,True,reclaimed_wastewater,closed_loop_dry_cooling,Within 40.2km of an EPA-identified reuse-capable treatment plant (nearest: 13.6km) -- reclaimed water can substitute for freshwater in cooling towers.,2.3410940191280734,2.0
1177893426,Virginia,VA,51,Loudoun County,107,Amazon Web Services,IAD603,Amazon IAD603,14733.0,-77.41935734925377,38.981546018635534,building,amazon,731801,731801-USA.21_1-1400,USA.21_1,United States,Maryland,236.989313922,Medium - High (20-40%),40.70311818316756,337.82135446284394,13.299333383639654,24.203999837239586,1015.0,17.63793051602648,6.723836791534122,True,reclaimed_wastewater,closed_loop_dry_cooling,Within 40.2km of an EPA-identified reuse-capable treatment plant (nearest: 6.7km) -- reclaimed water can substitute for freshwater in cooling towers.,2.3410940191280734,2.0
1178649864,Idaho,ID,16,Ada County,1,Meta,,Meta Kuna Data Center,15951730.0,-116.267507299213,43.4631412647369,campus,meta,782940,782940-USA.13_1-1153,USA.13_1,United States,Idaho,10125.0219481,Medium - High (20-40%),869.4331562585783,260.283458734794,10.493999848763147,21.39199956258138,292.0,5.9353668466496,2.6170361959831547,True,reclaimed_wastewater,air_free_cooling,Within 40.2km of an EPA-identified reuse-capable treatment plant (nearest: 2.6km) -- reclaimed water can substitute for freshwater in cooling towers.,2.386196810583224,2.0
1181391920,Virginia,VA,51,Loudoun County,107,Amazon Web Services,IAD86,Amazon IAD86,150112.0,-77.49567435184785,38.91725619520494,building,amazon,731901,731901-USA.47_1-1400,USA.47_1,United States,Virginia,3775.42944138,Medium - High (20-40%),47.54168492202267,325.95107681827386,13.052333163718382,23.8973331451416,1013.0,17.660974267677524,12.604425176951748,True,reclaimed_wastewater,closed_loop_dry_cooling,Within 40.2km of an EPA-identified reuse-capable treatment plant (nearest: 12.6km) -- reclaimed water can substitute for freshwater in cooling towers.,2.3410940191280734,2.0
1181391921,Virginia,VA,51,Prince William County,153,Amazon Web Services,IAD130,Amazon IAD130,103128.0,-77.51930184592597,38.76036060090534,building,amazon,731901,731901-USA.47_1-1400,USA.47_1,United States,Virginia,3775.42944138,Medium - High (20-40%),35.4500298468293,304.44189878068977,13.248000080386795,24.016000111897785,984.0,17.858780671308107,9.123072939672976,True,reclaimed_wastewater,closed_loop_dry_cooling,Within 40.2km of an EPA-identified reuse-capable treatment plant (nearest: 9.1km) -- reclaimed water can substitute for freshwater in cooling towers.,2.3410940191280734,2.0
1181391922,Virginia,VA,51,Prince William County,153,Amazon Web Services,IAD131,Amazon IAD131,104697.0,-77.51822099585065,38.76110475090396,building,amazon,731901,731901-USA.47_1-1400,USA.47_1,United States,Virginia,3775.42944138,Medium - High (20-40%),35.38530856823219,304.58905247797315,13.248000080386795,24.016000111897785,984.0,17.858780671308107,8.977507936982487,True,reclaimed_wastewater,closed_loop_dry_cooling,Within 40.2km of an EPA-identified reuse-capable treatment plant (nearest: 9.0km) -- reclaimed water can substitute for freshwater in cooling towers.,2.3410940191280734,2.0
1184066765,Missouri,MO,29,Clay County,47,Meta,,Meta Data Center,615937.0,-94.59806356908612,39.32265086779682,building,meta,742932,742932-USA.16_1-1342,USA.16_1,United States,Iowa,520.496661836,Low - Medium (10-20%),1268.8780831190968,706.5464775571539,12.134999764462313,24.278666178385414,971.0,18.11887254171687,122.55731070979728,False,closed_loop_dry_cooling,,"No site-specific water resource, favorable climate, or campus infrastructure available. Closed-loop dry cooling requires no ongoing water withdrawal and serves as the universal fallback -- always feasible, at an energy-efficiency tradeoff.",1.0305862639296823,0.0
1188680255,Virginia,VA,51,Loudoun County,107,Amazon Web Services,IAD192,Amazon IAD192,132942.0,-77.4348013050765,38.989553544254186,building,amazon,731801,731801-USA.21_1-1400,USA.21_1,United States,Maryland,236.989313922,Medium - High (20-40%),42.6791109797706,338.1596325615286,13.299333383639654,24.203999837239586,1015.0,17.63793051602648,5.252295152287016,True,reclaimed_wastewater,closed_loop_dry_cooling,Within 40.2km of an EPA-identified reuse-capable treatment plant (nearest: 5.3km) -- reclaimed water can substitute for freshwater in cooling towers.,2.3410940191280734,2.0
1191496040,New Mexico,NM,35,Valencia County,61,Meta,4,Meta,588490.0,-106.77888911307576,34.825839640241206,building,meta,752195,752195-USA.32_1-1048,USA.32_1,United States,New Mexico,164.79053208,High (40-80%),851.1344462389557,201.59065554029712,13.036333392063776,23.362667083740234,242.0,10.351648912584814,24.91407362924291,True,reclaimed_wastewater,air_free_cooling,Within 40.2km of an EPA-identified reuse-capable treatment plant (nearest: 24.9km) -- reclaimed water can substitute for freshwater in cooling towers.,3.993554666437404,1.0
1213758201,Tennessee,TN,47,Sumner County,165,Meta,,Gallatin Data Center,17045005.0,-86.37031411803846,36.408653770477216,campus,meta,742645,742645-USA.43_1-1216,USA.43_1,United States,Tennessee,2087.37267939,Low - Medium (10-20%),778.6076063638703,170.95647621353027,14.360333154598871,24.6879997253418,1314.0,19.3301769824252,33.05130007995462,True,reclaimed_wastewater,immersion_cooling,Within 40.2km of an EPA-identified reuse-capable treatment plant (nearest: 33.1km) -- reclaimed water can substitute for freshwater in cooling towers.,1.3726966098056523,1.0
1221862807,Virginia,VA,51,Prince William County,153,Amazon Web Services,IAD106,AWS IAD106,205206.0,-77.51852812758843,38.74697497598997,building,amazon,731901,731901-USA.47_1-1400,USA.47_1,United States,Virginia,3775.42944138,Medium - High (20-40%),34.61637043440725,302.74809998900724,13.1639999995629,23.90933354695638,971.0,17.957911196944906,10.056120239572582,True,reclaimed_wastewater,closed_loop_dry_cooling,Within 40.2km of an EPA-identified reuse-capable treatment plant (nearest: 10.1km) -- reclaimed water can substitute for freshwater in cooling towers.,2.3410940191280734,2.0
1222007663,Ohio,OH,39,Licking County,89,Google,,Google NBY-2,138878.0,-82.76452657909626,40.05963281203005,building,google,742678,742678-USA.36_1-1216,USA.36_1,United States,Ohio,17080.6952719,Low (<10%),645.7996865075629,198.3836392302632,10.3306667652602,21.53466669718425,1001.0,16.370229291372414,36.143330754926,True,reclaimed_wastewater,closed_loop_dry_cooling,Within 40.2km of an EPA-identified reuse-capable treatment plant (nearest: 36.1km) -- reclaimed water can substitute for freshwater in cooling towers.,0.9286729699549354,0.0
1222134968,Virginia,VA,51,Loudoun County,107,Amazon Web Services,IAD609,Amazon Web Services,14235.0,-77.52358042964754,38.94913486865636,building,amazon,731801,731801-USA.21_1-1400,USA.21_1,United States,Maryland,236.989313922,Medium - High (20-40%),51.12595162860919,328.9075914868943,12.783999917407831,23.53466669718425,1013.0,17.638978155379732,12.753800698661788,True,reclaimed_wastewater,closed_loop_dry_cooling,Within 40.2km of an EPA-identified reuse-capable treatment plant (nearest: 12.8km) -- reclaimed water can substitute for freshwater in cooling towers.,2.3410940191280734,2.0
1226439731,Oregon,OR,41,Morrow County,49,Amazon Web Services,PDX93,Amazon Web Services,213843.0,-119.69404769468916,45.836184457262725,building,amazon,782505,782505-USA.38_1-1182,USA.38_1,United States,Oregon,1154.52246441,Medium - High (20-40%),381.4299023373651,326.8578045792115,12.040333300828934,21.91866683959961,204.0,9.522258692992883,23.660314001284657,True,reclaimed_wastewater,air_free_cooling,Within 40.2km of an EPA-identified reuse-capable treatment plant (nearest: 23.7km) -- reclaimed water can substitute for freshwater in cooling towers.,2.054509572995166,0.0
1227612684,Virginia,VA,51,Prince William County,153,Amazon Web Services,IAD103,Amazon IAD103,141914.0,-77.50407510523524,38.73698426710412,building,amazon,731901,731901-USA.47_1-1400,USA.47_1,United States,Virginia,3775.42944138,Medium - High (20-40%),32.60051410374477,302.149346413134,13.1639999995629,23.90933354695638,971.0,17.957911196944906,9.908958356124602,True,reclaimed_wastewater,closed_loop_dry_cooling,Within 40.2km of an EPA-identified reuse-capable treatment plant (nearest: 9.9km) -- reclaimed water can substitute for freshwater in cooling towers.,2.3410940191280734,2.0
1237493975,Nebraska,NE,31,Sarpy County,153,Google,,Google,292941.0,-96.1440729015135,41.13491995864724,building,google,742951,742951-USA.16_1-1263,USA.16_1,United States,Iowa,11463.5221858,High (40-80%),1551.526123849556,393.72012358247696,10.274000068505606,23.312000274658203,783.0,17.15355945280811,12.229769679838087,True,reclaimed_wastewater,closed_loop_dry_cooling,Within 40.2km of an EPA-identified reuse-capable treatment plant (nearest: 12.2km) -- reclaimed water can substitute for freshwater in cooling towers.,3.0582237212061827,4.0
1237494981,Nebraska,NE,31,Sarpy County,153,Google,,Google,297438.0,-96.15590606506956,41.13439327581521,building,google,742941,742941-USA.28_1-1263,USA.28_1,United States,Nebraska,3339.77523417,High (40-80%),1551.6663226687058,392.8828982423975,10.274000068505606,23.312000274658203,783.0,17.15355945280811,11.456116693268976,True,reclaimed_wastewater,closed_loop_dry_cooling,Within 40.2km of an EPA-identified reuse-capable treatment plant (nearest: 11.5km) -- reclaimed water can substitute for freshwater in cooling towers.,3.0582237212061827,4.0
1252196797,Virginia,VA,51,Fairfax County,59,Amazon Web Services,,Amazon Web Services,120946.0,-77.45247339430483,38.90434587232984,building,amazon,731901,731901-USA.47_1-1400,USA.47_1,United States,Virginia,3775.42944138,Medium - High (20-40%),42.76372395330386,326.2394638675951,13.358333230018616,24.177332560221355,1013.0,17.70175298438835,10.336949836974684,True,reclaimed_wastewater,closed_loop_dry_cooling,Within 40.2km of an EPA-identified reuse-capable treatment plant (nearest: 10.3km) -- reclaimed water can substitute for freshwater in cooling towers.,2.3410940191280734,2.0
1252196798,Virginia,VA,51,Fairfax County,59,Amazon Web Services,,Amazon Web Services,118988.0,-77.45475996912757,38.90483706376053,building,amazon,731901,731901-USA.47_1-1400,USA.47_1,United States,Virginia,3775.42944138,Medium - High (20-40%),43.01887614925078,326.1971740196744,13.358333230018616,24.177332560221355,1013.0,17.70175298438835,10.38756450746957,True,reclaimed_wastewater,closed_loop_dry_cooling,Within 40.2km of an EPA-identified reuse-capable treatment plant (nearest: 10.4km) -- reclaimed water can substitute for freshwater in cooling towers.,2.3410940191280734,2.0
1252196799,Virginia,VA,51,Loudoun County,107,Amazon Web Services,,Amazon Web Services,87645.0,-77.49055174718535,38.915904671232965,building,amazon,731901,731901-USA.47_1-1400,USA.47_1,United States,Virginia,3775.42944138,Medium - High (20-40%),47.03657054121359,326.0044777855959,13.1063331613938,23.871999740600582,1007.0,17.72262938164933,12.269437545778526,True,reclaimed_wastewater,closed_loop_dry_cooling,Within 40.2km of an EPA-identified reuse-capable treatment plant (nearest: 12.3km) -- reclaimed water can substitute for freshwater in cooling towers.,2.3410940191280734,2.0
1252196800,Virginia,VA,51,Loudoun County,107,Amazon Web Services,,Amazon Web Services,13879.0,-77.49097634789652,38.91498995679571,building,amazon,731901,731901-USA.47_1-1400,USA.47_1,United States,Virginia,3775.42944138,Medium - High (20-40%),46.96287821562733,325.86567635239334,13.1063331613938,23.871999740600582,1007.0,17.72262938164933,12.188548457470173,True,reclaimed_wastewater,closed_loop_dry_cooling,Within 40.2km of an EPA-identified reuse-capable treatment plant (nearest: 12.2km) -- reclaimed water can substitute for freshwater in cooling towers.,2.3410940191280734,2.0
1252196801,Ohio,OH,39,Licking County,89,Amazon Web Services,CMH62,Amazon Web Services CMH62,136329.0,-82.74763713445286,40.09298279215547,building,amazon,742694,742694-USA.36_1-1216,USA.36_1,United States,Ohio,20640.7881708,Low (<10%),645.8294464049789,193.3131249423544,10.094666741788387,21.25066693623861,1010.0,16.246102100277515,33.30865766644638,True,reclaimed_wastewater,closed_loop_dry_cooling,Within 40.2km of an EPA-identified reuse-capable treatment plant (nearest: 33.3km) -- reclaimed water can substitute for freshwater in cooling towers.,0.9286729699549354,0.0
1252196802,Ohio,OH,39,Licking County,89,Amazon Web Services,,Amazon Web Services,214329.0,-82.7321598268788,40.09344044223075,building,amazon,742694,742694-USA.36_1-1216,USA.36_1,United States,Ohio,20640.7881708,Low (<10%),644.254118838118,193.0137258248691,10.094666741788387,21.25066693623861,1010.0,16.246102100277515,33.96412548932204,True,reclaimed_wastewater,closed_loop_dry_cooling,Within 40.2km of an EPA-identified reuse-capable treatment plant (nearest: 34.0km) -- reclaimed water can substitute for freshwater in cooling towers.,0.9286729699549354,0.0
1252196803,Ohio,OH,39,Licking County,89,Amazon Web Services,,Amazon Web Services,214261.0,-82.72755119564094,40.09215828085437,building,amazon,742694,742694-USA.36_1-1216,USA.36_1,United States,Ohio,20640.7881708,Low (<10%),643.708490809162,193.13215631023417,10.094666741788387,21.25066693623861,1010.0,16.246102100277515,34.31521675709427,True,reclaimed_wastewater,closed_loop_dry_cooling,Within 40.2km of an EPA-identified reuse-capable treatment plant (nearest: 34.3km) -- reclaimed water can substitute for freshwater in cooling towers.,0.9286729699549354,0.0
1252196804,Ohio,OH,39,Licking County,89,Amazon Web Services,,Amazon Web Services,14223.0,-82.72649053707603,40.092965346506006,building,amazon,742694,742694-USA.36_1-1216,USA.36_1,United States,Ohio,20640.7881708,Low (<10%),643.6425058932488,193.0005567697195,10.094666741788387,21.25066693623861,1010.0,16.246102100277515,34.2867977210195,True,reclaimed_wastewater,closed_loop_dry_cooling,Within 40.2km of an EPA-identified reuse-capable treatment plant (nearest: 34.3km) -- reclaimed water can substitute for freshwater in cooling towers.,0.9286729699549354,0.0
1252196805,Ohio,OH,39,Union County,159,Amazon Web Services,,Amazon Web Services,218032.0,-83.20139113655297,40.11625887855608,building,amazon,742678,742678-USA.36_1-1216,USA.36_1,United States,Ohio,17080.6952719,Low (<10%),694.1775100018245,195.9084972104616,10.671666856855154,22.086666742960613,951.0,16.5425757989286,46.96068609509101,False,closed_loop_dry_cooling,,"No site-specific water resource, favorable climate, or campus infrastructure available. Closed-loop dry cooling requires no ongoing water withdrawal and serves as the universal fallback -- always feasible, at an energy-efficiency tradeoff.",0.9286729699549354,0.0
1252196806,Ohio,OH,39,Union County,159,Amazon Web Services,,,213349.0,-83.20208181892225,40.11739966334843,building,amazon,742678,742678-USA.36_1-1216,USA.36_1,United States,Ohio,17080.6952719,Low (<10%),694.3075958222433,195.75656370836668,10.671666856855154,22.086666742960613,951.0,16.5425757989286,46.94639729050981,False,closed_loop_dry_cooling,,"No site-specific water resource, favorable climate, or campus infrastructure available. Closed-loop dry cooling requires no ongoing water withdrawal and serves as the universal fallback -- always feasible, at an energy-efficiency tradeoff.",0.9286729699549354,0.0
1252196807,Ohio,OH,39,Union County,159,Amazon Web Services,,Amazon Web Services,13652.0,-83.20025962657277,40.11904802129847,building,amazon,742678,742678-USA.36_1-1216,USA.36_1,United States,Ohio,17080.6952719,Low (<10%),694.2015189138247,195.48777322572093,10.671666856855154,22.086666742960613,951.0,16.5425757989286,46.674442738056,False,closed_loop_dry_cooling,,"No site-specific water resource, favorable climate, or campus infrastructure available. Closed-loop dry cooling requires no ongoing water withdrawal and serves as the universal fallback -- always feasible, at an energy-efficiency tradeoff.",0.9286729699549354,0.0
1252196808,Ohio,OH,39,Franklin County,49,Amazon Web Services,,Amazon Web Services,220580.0,-83.17546025829033,40.04935754088761,building,amazon,742678,742678-USA.36_1-1216,USA.36_1,United States,Ohio,17080.6952719,Low (<10%),688.1189183985327,205.11631839894844,10.740666653960943,22.123999913533527,953.0,16.55259695561243,49.70712163524638,False,closed_loop_dry_cooling,,"No site-specific water resource, favorable climate, or campus infrastructure available. Closed-loop dry cooling requires no ongoing water withdrawal and serves as the universal fallback -- always feasible, at an energy-efficiency tradeoff.",0.9286729699549354,0.0
1252196809,Ohio,OH,39,Franklin County,49,Amazon Web Services,,,217845.0,-83.17528384542761,40.04813089818562,building,amazon,742678,742678-USA.36_1-1216,USA.36_1,United States,Ohio,17080.6952719,Low (<10%),688.0400908390097,205.2903923909194,10.740666653960943,22.123999913533527,953.0,16.55259695561243,49.79116751902675,False,closed_loop_dry_cooling,,"No site-specific water resource, favorable climate, or campus infrastructure available. Closed-loop dry cooling requires no ongoing water withdrawal and serves as the universal fallback -- always feasible, at an energy-efficiency tradeoff.",0.9286729699549354,0.0
1252196810,Ohio,OH,39,Franklin County,49,Amazon Web Services,,Amazon Web Services,14456.0,-83.17754692245403,40.04790974075581,building,amazon,742678,742678-USA.36_1-1216,USA.36_1,United States,Ohio,17080.6952719,Low (<10%),688.2663038018567,205.35651075075285,10.740666653960943,22.123999913533527,953.0,16.55259695561243,49.98441516780742,False,closed_loop_dry_cooling,,"No site-specific water resource, favorable climate, or campus infrastructure available. Closed-loop dry cooling requires no ongoing water withdrawal and serves as the universal fallback -- always feasible, at an energy-efficiency tradeoff.",0.9286729699549354,0.0
1252196811,Ohio,OH,39,Licking County,89,Google,,Google NBY-3,284807.0,-82.76528495795795,40.05795740696205,building,google,742678,742678-USA.36_1-1216,USA.36_1,United States,Ohio,17080.6952719,Low (<10%),645.789972837397,198.6370218897046,10.3306667652602,21.53466669718425,1001.0,16.370229291372414,36.29546218727689,True,reclaimed_wastewater,closed_loop_dry_cooling,Within 40.2km of an EPA-identified reuse-capable treatment plant (nearest: 36.3km) -- reclaimed water can substitute for freshwater in cooling towers.,0.9286729699549354,0.0
1252196812,Ohio,OH,39,Franklin County,49,Google,,Google NBY-4,294201.0,-82.77177556209224,40.059342128156295,building,google,742678,742678-USA.36_1-1216,USA.36_1,United States,Ohio,17080.6952719,Low (<10%),646.5363674961935,198.5446458009498,10.3306667652602,21.53466669718425,1001.0,16.370229291372414,35.93766795194693,True,reclaimed_wastewater,closed_loop_dry_cooling,Within 40.2km of an EPA-identified reuse-capable treatment plant (nearest: 35.9km) -- reclaimed water can substitute for freshwater in cooling towers.,0.9286729699549354,0.0
1252196813,Ohio,OH,39,Licking County,89,Meta,,Meta New Albany Data Center,608761.0,-82.75098831560908,40.06037970378648,building,meta,742678,742678-USA.36_1-1216,USA.36_1,United States,Ohio,17080.6952719,Low (<10%),644.4351085351863,198.06203115768017,10.3306667652602,21.53466669718425,1001.0,16.370229291372414,36.55068611777079,True,reclaimed_wastewater,closed_loop_dry_cooling,Within 40.2km of an EPA-identified reuse-capable treatment plant (nearest: 36.6km) -- reclaimed water can substitute for freshwater in cooling towers.,0.9286729699549354,0.0
1252196814,Ohio,OH,39,Franklin County,49,Google,,Google,289874.0,-82.99487523065918,39.85209794675051,building,google,742678,742678-USA.36_1-1216,USA.36_1,United States,Ohio,17080.6952719,Low (<10%),659.8163580844548,231.99462828183613,11.15566644569238,22.37333297729492,961.0,16.88347590212778,59.344385876371,False,closed_loop_dry_cooling,,"No site-specific water resource, favorable climate, or campus infrastructure available. Closed-loop dry cooling requires no ongoing water withdrawal and serves as the universal fallback -- always feasible, at an energy-efficiency tradeoff.",0.9286729699549354,0.0
1252196815,Virginia,VA,51,Prince William County,153,Google,,Google,289731.0,-77.58252358239119,38.776122951150654,building,google,731901,731901-USA.47_1-1400,USA.47_1,United States,Virginia,3775.42944138,Medium - High (20-40%),42.794258685981774,303.59383476380094,13.1149998853604,23.82533327738444,985.0,17.845315323529746,14.704556155613808,True,reclaimed_wastewater,closed_loop_dry_cooling,Within 40.2km of an EPA-identified reuse-capable treatment plant (nearest: 14.7km) -- reclaimed water can substitute for freshwater in cooling towers.,2.3410940191280734,2.0
1252196816,Oregon,OR,41,Morrow County,49,Amazon Web Services,,Amazon Web Services,210570.0,-119.60509631980196,45.85874996159125,building,amazon,782505,782505-USA.38_1-1182,USA.38_1,United States,Oregon,1154.52246441,Medium - High (20-40%),387.1419470298055,324.397877132619,11.800000061591469,21.67066637674968,209.0,9.403505508534728,13.466470437384803,True,reclaimed_wastewater,air_free_cooling,Within 40.2km of an EPA-identified reuse-capable treatment plant (nearest: 13.5km) -- reclaimed water can substitute for freshwater in cooling towers.,2.054509572995166,0.0
1252196817,Oregon,OR,41,Morrow County,49,Amazon Web Services,,Amazon Web Services,211904.0,-119.60513360298896,45.86008348238562,building,amazon,782505,782505-USA.38_1-1182,USA.38_1,United States,Oregon,1154.52246441,Medium - High (20-40%),387.0118298844317,324.1859683417502,11.800000061591469,21.67066637674968,209.0,9.403505508534728,13.42618140955834,True,reclaimed_wastewater,air_free_cooling,Within 40.2km of an EPA-identified reuse-capable treatment plant (nearest: 13.4km) -- reclaimed water can substitute for freshwater in cooling towers.,2.054509572995166,0.0
1252196818,Oregon,OR,41,Morrow County,49,Amazon Web Services,,Amazon Web Services,216528.0,-119.6051531215301,45.8609694312574,building,amazon,782505,782505-USA.38_1-1182,USA.38_1,United States,Oregon,1154.52246441,Medium - High (20-40%),386.9258933625517,324.045256516136,11.800000061591469,21.67066637674968,209.0,9.403505508534728,13.399696159496662,True,reclaimed_wastewater,air_free_cooling,Within 40.2km of an EPA-identified reuse-capable treatment plant (nearest: 13.4km) -- reclaimed water can substitute for freshwater in cooling towers.,2.054509572995166,0.0
1252196819,Oregon,OR,41,Morrow County,49,Amazon Web Services,,Amazon Web Services,13765.0,-119.6517767921927,45.841481031506696,building,amazon,782505,782505-USA.38_1-1182,USA.38_1,United States,Oregon,1154.52246441,Medium - High (20-40%),384.6439037339043,326.51050882334243,11.958666761716207,21.76800028483073,207.0,9.477197734796883,18.99674626689293,True,reclaimed_wastewater,air_free_cooling,Within 40.2km of an EPA-identified reuse-capable treatment plant (nearest: 19.0km) -- reclaimed water can substitute for freshwater in cooling towers.,2.054509572995166,0.0
1252196820,Oregon,OR,41,Umatilla County,59,Amazon Web Services,,Amazon Web Services,216430.0,-119.23183081247244,45.9206369354048,building,amazon,782507,782507-USA.38_1-1182,USA.38_1,United States,Oregon,348.363521335,Medium - High (20-40%),415.9364838079536,322.75362950064635,11.911000023285547,21.796000162760414,225.0,9.20427432064564,15.404011776387504,True,reclaimed_wastewater,air_free_cooling,Within 40.2km of an EPA-identified reuse-capable treatment plant (nearest: 15.4km) -- reclaimed water can substitute for freshwater in cooling towers.,2.054509572995166,0.0
1252196821,Oregon,OR,41,Umatilla County,59,Amazon Web Services,,Amazon Web Services,211240.0,-119.22998114838396,45.92064708433544,building,amazon,782507,782507-USA.38_1-1182,USA.38_1,United States,Oregon,348.363521335,Medium - High (20-40%),416.1102476310236,322.8053400129424,11.911000023285547,21.796000162760414,225.0,9.20427432064564,15.393099382408105,True,reclaimed_wastewater,air_free_cooling,Within 40.2km of an EPA-identified reuse-capable treatment plant (nearest: 15.4km) -- reclaimed water can substitute for freshwater in cooling towers.,2.054509572995166,0.0
1252196822,Oregon,OR,41,Umatilla County,59,Amazon Web Services,,Amazon Web Services,216777.0,-119.361958718014,45.79777489027666,building,amazon,782506,782506-USA.38_1-1182,USA.38_1,United States,Oregon,2255.5299837,Medium - High (20-40%),414.774521068841,338.5187127081507,11.72799997528394,21.678667068481445,235.0,9.072985501219751,15.567899721865723,True,reclaimed_wastewater,air_free_cooling,Within 40.2km of an EPA-identified reuse-capable treatment plant (nearest: 15.6km) -- reclaimed water can substitute for freshwater in cooling towers.,2.054509572995166,0.0
1252196823,Oregon,OR,41,Umatilla County,59,Amazon Web Services,,Amazon Web Services,216903.0,-119.3666580013381,45.799165042059165,building,amazon,782506,782506-USA.38_1-1182,USA.38_1,United States,Oregon,2255.5299837,Medium - High (20-40%),414.2194755517322,338.1951959943983,11.72799997528394,21.678667068481445,235.0,9.072985501219751,16.10453868701688,True,reclaimed_wastewater,air_free_cooling,Within 40.2km of an EPA-identified reuse-capable treatment plant (nearest: 16.1km) -- reclaimed water can substitute for freshwater in cooling towers.,2.054509572995166,0.0
1252196824,Ohio,OH,39,Fairfield County,45,Google,,Google,289253.0,-82.69112739236837,39.724010166114695,building,google,742691,742691-USA.36_1-1216,USA.36_1,United States,Ohio,4899.16135969,Low (<10%),621.961757196466,245.83701830490392,10.7690000385046,21.75066693623861,974.0,16.743045307426847,74.26395929859447,False,closed_loop_dry_cooling,,"No site-specific water resource, favorable climate, or campus infrastructure available. Closed-loop dry cooling requires no ongoing water withdrawal and serves as the universal fallback -- always feasible, at an energy-efficiency tradeoff.",0.9286729699549354,0.0
1252196825,Virginia,VA,51,Prince William County,153,Amazon Web Services,,Amazon Web Services,212702.0,-77.51721534270156,38.74614581949864,building,amazon,731901,731901-USA.47_1-1400,USA.47_1,United States,Virginia,3775.42944138,Medium - High (20-40%),34.43673596165659,302.7032376993259,13.1639999995629,23.90933354695638,971.0,17.957911196944906,10.02082821352097,True,reclaimed_wastewater,closed_loop_dry_cooling,Within 40.2km of an EPA-identified reuse-capable treatment plant (nearest: 10.0km) -- reclaimed water can substitute for freshwater in cooling towers.,2.3410940191280734,2.0
1252196826,Virginia,VA,51,Loudoun County,107,Amazon Web Services,,Amazon Web Services,133944.0,-77.48579976531855,38.92131351222202,building,amazon,731901,731901-USA.47_1-1400,USA.47_1,United States,Virginia,3775.42944138,Medium - High (20-40%),46.55480898754745,326.9262780062938,13.052333163718382,23.8973331451416,1013.0,17.660974267677524,12.688061298933848,True,reclaimed_wastewater,closed_loop_dry_cooling,Within 40.2km of an EPA-identified reuse-capable treatment plant (nearest: 12.7km) -- reclaimed water can substitute for freshwater in cooling towers.,2.3410940191280734,2.0
1253282099,Virginia,VA,51,Loudoun County,107,Amazon Web Services,,Amazon Web Services,14683.0,-77.47107161222901,38.99509407061763,building,amazon,731801,731801-USA.21_1-1400,USA.21_1,United States,Maryland,236.989313922,Medium - High (20-40%),46.77359704952221,337.2584146326092,13.060000069439411,23.913333257039387,1011.0,17.648408554403247,5.152543298701651,True,reclaimed_wastewater,closed_loop_dry_cooling,Within 40.2km of an EPA-identified reuse-capable treatment plant (nearest: 5.2km) -- reclaimed water can substitute for freshwater in cooling towers.,2.3410940191280734,2.0
1253282100,Nebraska,NE,31,Sarpy County,153,Meta,,Meta Sarpy Data center,628560.0,-96.13289444072416,41.123572980157554,building,meta,742941,742941-USA.28_1-1263,USA.28_1,United States,Nebraska,3339.77523417,High (40-80%),1549.667780872081,395.7959678072567,10.33433336019516,23.285332997639973,787.0,17.20086733361912,10.559252754453546,True,reclaimed_wastewater,closed_loop_dry_cooling,Within 40.2km of an EPA-identified reuse-capable treatment plant (nearest: 10.6km) -- reclaimed water can substitute for freshwater in cooling towers.,3.0582237212061827,4.0
1253282101,Nebraska,NE,31,Sarpy County,153,Meta,,Meta Sarpy Data center,625288.0,-96.1428365153122,41.11432923797791,building,meta,742941,742941-USA.28_1-1263,USA.28_1,United States,Nebraska,3339.77523417,High (40-80%),1548.5020190504374,396.0499076522824,10.33433336019516,23.285332997639973,787.0,17.20086733361912,10.160987921016302,True,reclaimed_wastewater,closed_loop_dry_cooling,Within 40.2km of an EPA-identified reuse-capable treatment plant (nearest: 10.2km) -- reclaimed water can substitute for freshwater in cooling towers.,3.0582237212061827,4.0
1253282102,Nebraska,NE,31,Sarpy County,153,Meta,,Meta Sarpy Data center,286253.0,-96.14155463388816,41.11216327459793,building,meta,742941,742941-USA.28_1-1263,USA.28_1,United States,Nebraska,3339.77523417,High (40-80%),1548.1628746318013,396.38217766061433,10.33433336019516,23.285332997639973,787.0,17.20086733361912,9.881175158076784,True,reclaimed_wastewater,closed_loop_dry_cooling,Within 40.2km of an EPA-identified reuse-capable treatment plant (nearest: 9.9km) -- reclaimed water can substitute for freshwater in cooling towers.,3.0582237212061827,4.0
1253282103,Iowa,IA,19,Polk County,153,Meta,,Meta,493366.0,-93.50965654880696,41.67557150002093,building,meta,742843,742843-USA.16_1-1342,USA.16_1,United States,Iowa,187.257056446,Low - Medium (10-20%),1601.405011714706,515.0518631125713,9.508333404858908,22.62933349609375,873.0,17.31859675832411,131.41712181064892,False,closed_loop_dry_cooling,,"No site-specific water resource, favorable climate, or campus infrastructure available. Closed-loop dry cooling requires no ongoing water withdrawal and serves as the universal fallback -- always feasible, at an energy-efficiency tradeoff.",1.1889931573790973,0.0
1253282104,Iowa,IA,19,Polk County,153,Meta,,Meta,601076.0,-93.50603124097204,41.67582283535729,building,meta,742843,742843-USA.16_1-1342,USA.16_1,United States,Iowa,187.257056446,Low - Medium (10-20%),1601.3493106475576,514.7250598244195,9.508333404858908,22.62933349609375,873.0,17.31859675832411,131.7353774205433,False,closed_loop_dry_cooling,,"No site-specific water resource, favorable climate, or campus infrastructure available. Closed-loop dry cooling requires no ongoing water withdrawal and serves as the universal fallback -- always feasible, at an energy-efficiency tradeoff.",1.1889931573790973,0.0
1276518679,Virginia,VA,51,Loudoun County,107,Amazon Web Services,IAD214,Amazon IAD214,113421.0,-77.435175737807,38.986526005508,building,amazon,731801,731801-USA.21_1-1400,USA.21_1,United States,Maryland,236.989313922,Medium - High (20-40%),42.593684383241545,337.74686661929803,13.299333383639654,24.203999837239586,1015.0,17.63793051602648,5.566697470798565,True,reclaimed_wastewater,closed_loop_dry_cooling,Within 40.2km of an EPA-identified reuse-capable treatment plant (nearest: 5.6km) -- reclaimed water can substitute for freshwater in cooling towers.,2.3410940191280734,2.0
1280340212,Virginia,VA,51,Loudoun County,107,Amazon Web Services,,Amazon Web Services,13569.0,-77.5202261632775,38.94736148494224,building,amazon,731801,731801-USA.21_1-1400,USA.21_1,United States,Maryland,236.989313922,Medium - High (20-40%),50.72270121473963,328.8197516308832,12.783999917407831,23.53466669718425,1013.0,17.638978155379732,12.66094097205581,True,reclaimed_wastewater,closed_loop_dry_cooling,Within 40.2km of an EPA-identified reuse-capable treatment plant (nearest: 12.7km) -- reclaimed water can substitute for freshwater in cooling towers.,2.3410940191280734,2.0
1280340213,Virginia,VA,51,Loudoun County,107,Amazon Web Services,,Amazon Web Services,14079.0,-77.41752673157097,38.98357495375973,building,amazon,731801,731801-USA.21_1-1400,USA.21_1,United States,Maryland,236.989313922,Medium - High (20-40%),40.59020633569597,338.1702135197089,13.299333383639654,24.203999837239586,1015.0,17.63793051602648,6.625407442211302,True,reclaimed_wastewater,closed_loop_dry_cooling,Within 40.2km of an EPA-identified reuse-capable treatment plant (nearest: 6.6km) -- reclaimed water can substitute for freshwater in cooling towers.,2.3410940191280734,2.0
1280340214,Virginia,VA,51,Prince William County,153,Amazon Web Services,,Amazon Web Services,129225.0,-77.6221271999352,38.80289734729966,building,amazon,731901,731901-USA.47_1-1400,USA.47_1,United States,Virginia,3775.42944138,Medium - High (20-40%),48.39269352353043,305.3806732637816,13.003999943534533,23.70666631062825,1002.0,17.727845036779154,18.59896036913598,True,reclaimed_wastewater,closed_loop_dry_cooling,Within 40.2km of an EPA-identified reuse-capable treatment plant (nearest: 18.6km) -- reclaimed water can substitute for freshwater in cooling towers.,2.3410940191280734,2.0
1280340215,Virginia,VA,51,Prince William County,153,Amazon Web Services,,Amazon Web Services,14507.0,-77.53309395336687,38.7451198113642,building,amazon,731901,731901-USA.47_1-1400,USA.47_1,United States,Virginia,3775.42944138,Medium - High (20-40%),36.03291170518764,301.8215889826284,13.1639999995629,23.90933354695638,971.0,17.957911196944906,11.38426015104373,True,reclaimed_wastewater,closed_loop_dry_cooling,Within 40.2km of an EPA-identified reuse-capable treatment plant (nearest: 11.4km) -- reclaimed water can substitute for freshwater in cooling towers.,2.3410940191280734,2.0
1280340216,Virginia,VA,51,Prince William County,153,Amazon Web Services,,Amazon Web Services,14389.0,-77.65433143122239,38.81459760122616,building,amazon,731901,731901-USA.47_1-1400,USA.47_1,United States,Virginia,3775.42944138,Medium - High (20-40%),52.34799113173754,305.57263294402475,12.821000039577484,23.3853333791097,1010.0,17.67666939640435,22.158565524172197,True,reclaimed_wastewater,closed_loop_dry_cooling,Within 40.2km of an EPA-identified reuse-capable treatment plant (nearest: 22.2km) -- reclaimed water can substitute for freshwater in cooling towers.,2.3410940191280734,2.0
1280340217,Virginia,VA,51,Prince William County,153,Amazon Web Services,,Amazon Web Services,149332.0,-77.65215913005484,38.81696824406837,building,amazon,731901,731901-USA.47_1-1400,USA.47_1,United States,Virginia,3775.42944138,Medium - High (20-40%),52.27714182661658,305.97700240385217,12.821000039577484,23.3853333791097,1010.0,17.67666939640435,21.92288180243291,True,reclaimed_wastewater,closed_loop_dry_cooling,Within 40.2km of an EPA-identified reuse-capable treatment plant (nearest: 21.9km) -- reclaimed water can substitute for freshwater in cooling towers.,2.3410940191280734,2.0
1280344148,Ohio,OH,39,Union County,159,Amazon Web Services,,Amazon Web Services,233609.0,-83.21583366417357,40.13418977024933,building,amazon,742678,742678-USA.36_1-1216,USA.36_1,United States,Ohio,17080.6952719,Low (<10%),696.5987325590556,193.592527490408,10.36833331361413,21.72266705830892,943.0,16.484566314364717,47.12122855753972,False,closed_loop_dry_cooling,,"No site-specific water resource, favorable climate, or campus infrastructure available. Closed-loop dry cooling requires no ongoing water withdrawal and serves as the universal fallback -- always feasible, at an energy-efficiency tradeoff.",0.9286729699549354,0.0
1280344149,Oregon,OR,41,Umatilla County,59,Amazon Web Services,,Amazon Web Services,225421.0,-119.22880463589556,45.92059672458088,building,amazon,782507,782507-USA.38_1-1182,USA.38_1,United States,Oregon,348.363521335,Medium - High (20-40%),416.22560353441474,322.84707580151166,11.911000023285547,21.796000162760414,225.0,9.20427432064564,15.381273241753677,True,reclaimed_wastewater,air_free_cooling,Within 40.2km of an EPA-identified reuse-capable treatment plant (nearest: 15.4km) -- reclaimed water can substitute for freshwater in cooling towers.,2.054509572995166,0.0
1280344150,Oregon,OR,41,Umatilla County,59,Amazon Web Services,,Amazon Web Services,217375.0,-119.2270042542206,45.920560005801455,building,amazon,782507,782507-USA.38_1-1182,USA.38_1,United States,Oregon,348.363521335,Medium - High (20-40%),416.3987294258097,322.904801541792,11.911000023285547,21.796000162760414,225.0,9.20427432064564,15.369803027771583,True,reclaimed_wastewater,air_free_cooling,Within 40.2km of an EPA-identified reuse-capable treatment plant (nearest: 15.4km) -- reclaimed water can substitute for freshwater in cooling towers.,2.054509572995166,0.0
1280344151,Oregon,OR,41,Umatilla County,59,Amazon Web Services,,Amazon Web Services,16064.0,-119.22609033042734,45.919515285726376,building,amazon,782507,782507-USA.38_1-1182,USA.38_1,United States,Oregon,348.363521335,Medium - High (20-40%),416.5735538650268,323.09268438440046,11.911000023285547,21.796000162760414,225.0,9.20427432064564,15.250913340743304,True,reclaimed_wastewater,air_free_cooling,Within 40.2km of an EPA-identified reuse-capable treatment plant (nearest: 15.3km) -- reclaimed water can substitute for freshwater in cooling towers.,2.054509572995166,0.0
1280344153,Oregon,OR,41,Umatilla County,59,Amazon Web Services,,Amazon Web Services,218698.0,-119.3416517837596,45.88251750222229,building,amazon,782506,782506-USA.38_1-1182,USA.38_1,United States,Oregon,2255.5299837,Medium - High (20-40%),408.9669184406906,325.75967545131846,11.76033323009809,21.68533261617025,225.0,9.096931745023587,16.525384171294345,True,reclaimed_wastewater,air_free_cooling,Within 40.2km of an EPA-identified reuse-capable treatment plant (nearest: 16.5km) -- reclaimed water can substitute for freshwater in cooling towers.,2.054509572995166,0.0
1280344154,Oregon,OR,41,Morrow County,49,Amazon Web Services,,Amazon Web Services,211930.0,-119.60511168543223,45.86225295877379,building,amazon,782505,782505-USA.38_1-1182,USA.38_1,United States,Oregon,1154.52246441,Medium - High (20-40%),386.8076906110802,323.8423994365576,11.800000061591469,21.67066637674968,209.0,9.403505508534728,13.35507215453861,True,reclaimed_wastewater,air_free_cooling,Within 40.2km of an EPA-identified reuse-capable treatment plant (nearest: 13.4km) -- reclaimed water can substitute for freshwater in cooling towers.,2.054509572995166,0.0
1280344155,Oregon,OR,41,Morrow County,49,Amazon Web Services,,Amazon Web Services,12811.0,-119.60487161226038,45.85803760730771,building,amazon,782505,782505-USA.38_1-1182,USA.38_1,United States,Oregon,1154.52246441,Medium - High (20-40%),387.2298039432091,324.5140175873998,11.800000061591469,21.67066637674968,209.0,9.403505508534728,13.466954842840147,True,reclaimed_wastewater,air_free_cooling,Within 40.2km of an EPA-identified reuse-capable treatment plant (nearest: 13.5km) -- reclaimed water can substitute for freshwater in cooling towers.,2.054509572995166,0.0
1280344156,Oregon,OR,41,Morrow County,49,Amazon Web Services,,Amazon Web Services,13923.0,-119.65130207689772,45.840670297393935,building,amazon,782505,782505-USA.38_1-1182,USA.38_1,United States,Oregon,1154.52246441,Medium - High (20-40%),384.7644526706698,326.64517556803634,11.958666761716207,21.76800028483073,207.0,9.477197734796883,18.975448455505536,True,reclaimed_wastewater,air_free_cooling,Within 40.2km of an EPA-identified reuse-capable treatment plant (nearest: 19.0km) -- reclaimed water can substitute for freshwater in cooling towers.,2.054509572995166,0.0
1280344157,Oregon,OR,41,Morrow County,49,Amazon Web Services,,Amazon Web Services,212775.0,-119.63208588156591,45.81993095962179,building,amazon,782505,782505-USA.38_1-1182,USA.38_1,United States,Oregon,1154.52246441,Medium - High (20-40%),388.47648763239954,330.18266430727607,12.12700010339419,22.502666473388672,214.0,9.300806617706224,17.924270077248657,True,reclaimed_wastewater,air_free_cooling,Within 40.2km of an EPA-identified reuse-capable treatment plant (nearest: 17.9km) -- reclaimed water can substitute for freshwater in cooling towers.,2.054509572995166,0.0
1281982556,Ohio,OH,39,Franklin County,49,Google,,"Google Lockbourne, OH",11463730.0,-82.99616096097107,39.84875267736796,campus,google,742678,742678-USA.36_1-1216,USA.36_1,United States,Ohio,17080.6952719,Low (<10%),659.8025119908112,232.4842165299886,11.15566644569238,22.37333297729492,961.0,16.88347590212778,59.74014840182445,False,immersion_cooling,closed_loop_dry_cooling,"Campus-type facility with space for new cooling infrastructure; no site-specific water resource (coast/lake/reclaimed) or favorable climate available nearby, so a high-water-savings retrofit technology is recommended instead.",0.9286729699549354,0.0
1281982572,Ohio,OH,39,Licking County,89,,,Amazon New Albany: Jug and Beach Road,1524640.0,-82.75147401690785,40.09907370699043,campus,amazon,742678,742678-USA.36_1-1216,USA.36_1,United States,Ohio,17080.6952719,Low (<10%),646.554840394202,192.49597061138988,10.222666746626295,21.429333368937176,1003.0,16.320681457237537,32.51944870827444,True,reclaimed_wastewater,immersion_cooling,Within 40.2km of an EPA-identified reuse-capable treatment plant (nearest: 32.5km) -- reclaimed water can substitute for freshwater in cooling towers.,0.9286729699549354,0.0
1283734104,Arizona,AZ,4,Maricopa County,13,Microsoft,,Microsoft,238581.0,-112.37391953991316,33.44634015387983,building,microsoft,772217,772217-USA.3_1-1483,USA.3_1,United States,Arizona,5.03417042733,High (40-80%),293.40460819808465,220.74029757600627,22.02833326657613,32.2213331858317,178.0,11.795181353220224,3.622956610380922,True,reclaimed_wastewater,closed_loop_dry_cooling,Within 40.2km of an EPA-identified reuse-capable treatment plant (nearest: 3.6km) -- reclaimed water can substitute for freshwater in cooling towers.,3.621307686265388,1.5
1287260553,Virginia,VA,51,Prince William County,153,Google,,Google,289621.0,-77.58562711780785,38.7744165289811,building,google,731901,731901-USA.47_1-1400,USA.47_1,United States,Virginia,3775.42944138,Medium - High (20-40%),43.01566239992899,303.2322010860235,13.011666615804035,23.65999984741211,997.0,17.80070338140357,15.088052189874071,True,reclaimed_wastewater,closed_loop_dry_cooling,Within 40.2km of an EPA-identified reuse-capable treatment plant (nearest: 15.1km) -- reclaimed water can substitute for freshwater in cooling towers.,2.3410940191280734,2.0
1287260554,Virginia,VA,51,Prince William County,153,Amazon Web Services,,Amazon Web Services,127010.0,-77.62121027768342,38.80185736221658,building,amazon,731901,731901-USA.47_1-1400,USA.47_1,United States,Virginia,3775.42944138,Medium - High (20-40%),48.23663134495872,305.2827511983207,13.003999943534533,23.70666631062825,1002.0,17.727845036779154,18.50342156398274,True,reclaimed_wastewater,closed_loop_dry_cooling,Within 40.2km of an EPA-identified reuse-capable treatment plant (nearest: 18.5km) -- reclaimed water can substitute for freshwater in cooling towers.,2.3410940191280734,2.0
1287260555,Virginia,VA,51,Prince William County,153,Amazon Web Services,,Amazon Web Services,130170.0,-77.62048061962223,38.80125678726276,building,amazon,731901,731901-USA.47_1-1400,USA.47_1,United States,Virginia,3775.42944138,Medium - High (20-40%),48.12645459680406,305.2348118144351,13.003999943534533,23.70666631062825,1002.0,17.727845036779154,18.426397068100727,True,reclaimed_wastewater,closed_loop_dry_cooling,Within 40.2km of an EPA-identified reuse-capable treatment plant (nearest: 18.4km) -- reclaimed water can substitute for freshwater in cooling towers.,2.3410940191280734,2.0
1287260560,Iowa,IA,19,Pottawattamie County,155,Google,,Google,294718.0,-95.79220329121615,41.17359488843065,building,google,742951,742951-USA.16_1-1263,USA.16_1,United States,Iowa,11463.5221858,Low - Medium (10-20%),1551.235549314068,417.4352881988972,10.454666634400686,23.478666305541992,781.0,17.509605545425355,5.01507675093928,True,reclaimed_wastewater,closed_loop_dry_cooling,Within 40.2km of an EPA-identified reuse-capable treatment plant (nearest: 5.0km) -- reclaimed water can substitute for freshwater in cooling towers.,1.1889931573790973,0.0
1287260561,Iowa,IA,19,Pottawattamie County,155,Google,,Google,296835.0,-95.78867836937772,41.17359750472643,building,google,742951,742951-USA.16_1-1263,USA.16_1,United States,Iowa,11463.5221858,Low - Medium (10-20%),1551.1814057824165,417.7235683111663,10.209000051021576,23.16800053914388,788.0,17.39205544185655,5.405403559509902,True,reclaimed_wastewater,closed_loop_dry_cooling,Within 40.2km of an EPA-identified reuse-capable treatment plant (nearest: 5.4km) -- reclaimed water can substitute for freshwater in cooling towers.,1.1889931573790973,0.0
1294595615,Tennessee,TN,47,Sumner County,165,Meta,,Meta Gallatin Data Center,626571.0,-86.36966140352041,36.41186544511472,building,meta,742645,742645-USA.43_1-1216,USA.43_1,United States,Tennessee,2087.37267939,Low - Medium (10-20%),779.0567219212573,170.95633335394302,14.360333154598871,24.6879997253418,1314.0,19.3301769824252,33.413108302438154,True,reclaimed_wastewater,closed_loop_dry_cooling,Within 40.2km of an EPA-identified reuse-capable treatment plant (nearest: 33.4km) -- reclaimed water can substitute for freshwater in cooling towers.,1.3726966098056523,1.0
1312295357,South Carolina,SC,45,Aiken County,3,Meta,,Meta Aiken Data Center,3608146.0,-81.84262698059472,33.642273149086826,campus,meta,732520,732520-USA.11_1-1400,USA.11_1,United States,Georgia,5242.19477022,Low - Medium (10-20%),183.191702260959,38.46054236489592,16.89699987570445,25.93466631571452,1196.0,20.20964963362925,33.50557543911571,True,reclaimed_wastewater,immersion_cooling,Within 40.2km of an EPA-identified reuse-capable treatment plant (nearest: 33.5km) -- reclaimed water can substitute for freshwater in cooling towers.,1.8697480022786608,1.5
1312792611,Illinois,IL,17,DeKalb County,37,Meta,,,568454.0,-88.72185807435966,41.88853040860736,building,meta,742826,742826-USA.14_1-1216,USA.14_1,United States,Illinois,3924.72979144,Low - Medium (10-20%),1361.6675926980176,113.4169904655463,8.936000009377798,21.67466672261556,929.0,16.15983630105822,84.95988972726961,False,closed_loop_dry_cooling,,"No site-specific water resource, favorable climate, or campus infrastructure available. Closed-loop dry cooling requires no ongoing water withdrawal and serves as the universal fallback -- always feasible, at an energy-efficiency tradeoff.",1.4063494958910283,0.5
1312792612,Illinois,IL,17,DeKalb County,37,Meta,,,568442.0,-88.73105377072714,41.88928381978822,building,meta,742872,742872-USA.14_1-1216,USA.14_1,United States,Illinois,13894.5069646,Low - Medium (10-20%),1362.6602669407357,114.30032892327712,8.936000009377798,21.67466672261556,929.0,16.15983630105822,85.2717554444908,False,closed_loop_dry_cooling,,"No site-specific water resource, favorable climate, or campus infrastructure available. Closed-loop dry cooling requires no ongoing water withdrawal and serves as the universal fallback -- always feasible, at an energy-efficiency tradeoff.",1.4063494958910283,0.5
1312792613,Illinois,IL,17,DeKalb County,37,Meta,,,320184.0,-88.72635519613044,41.89027497092366,building,meta,742872,742872-USA.14_1-1216,USA.14_1,United States,Illinois,13894.5069646,Low - Medium (10-20%),1362.229217228729,113.76297907473466,8.936000009377798,21.67466672261556,929.0,16.15983630105822,84.96952676518794,False,closed_loop_dry_cooling,,"No site-specific water resource, favorable climate, or campus infrastructure available. Closed-loop dry cooling requires no ongoing water withdrawal and serves as the universal fallback -- always feasible, at an energy-efficiency tradeoff.",1.4063494958910283,0.5
1312795639,Tennessee,TN,47,Sumner County,165,Meta,,Meta Gallatin Data Center,626568.0,-86.3660125010422,36.41135065140836,building,meta,742645,742645-USA.43_1-1216,USA.43_1,United States,Tennessee,2087.37267939,Low - Medium (10-20%),779.0242436332504,171.36868999324926,14.360333154598871,24.6879997253418,1314.0,19.3301769824252,33.48870934743315,True,reclaimed_wastewater,closed_loop_dry_cooling,Within 40.2km of an EPA-identified reuse-capable treatment plant (nearest: 33.5km) -- reclaimed water can substitute for freshwater in cooling towers.,1.3726966098056523,1.0
1312795640,Tennessee,TN,47,Sumner County,165,Meta,,Meta Gallatin Data Center,626683.0,-86.36660783519794,36.40604868216981,building,meta,742645,742645-USA.43_1-1216,USA.43_1,United States,Tennessee,2087.37267939,Low - Medium (10-20%),778.2879018393585,171.4225230304603,14.360333154598871,24.6879997253418,1314.0,19.3301769824252,32.9099956188393,True,reclaimed_wastewater,closed_loop_dry_cooling,Within 40.2km of an EPA-identified reuse-capable treatment plant (nearest: 32.9km) -- reclaimed water can substitute for freshwater in cooling towers.,1.3726966098056523,1.0
1312801354,Nebraska,NE,31,Sarpy County,153,Google,,Google,297414.0,-96.15143114556096,41.1379099302681,building,google,742951,742951-USA.16_1-1263,USA.16_1,United States,Iowa,11463.5221858,High (40-80%),1552.096811869431,392.8392403357285,10.274000068505606,23.312000274658203,783.0,17.15355945280811,11.915617027735996,True,reclaimed_wastewater,closed_loop_dry_cooling,Within 40.2km of an EPA-identified reuse-capable treatment plant (nearest: 11.9km) -- reclaimed water can substitute for freshwater in cooling towers.,3.0582237212061827,4.0
1318322071,Iowa,IA,19,Warren County,181,Microsoft,,Microsoft,247197.0,-93.78705539830352,41.49580619609169,building,microsoft,742843,742843-USA.16_1-1342,USA.16_1,United States,Iowa,187.257056446,Low - Medium (10-20%),1582.828193113168,555.9074030399362,9.703333159287771,22.70533307393392,863.0,17.465217108088087,121.89266565286246,False,closed_loop_dry_cooling,,"No site-specific water resource, favorable climate, or campus infrastructure available. Closed-loop dry cooling requires no ongoing water withdrawal and serves as the universal fallback -- always feasible, at an energy-efficiency tradeoff.",1.1889931573790973,0.0
1318322073,Iowa,IA,19,Warren County,181,Microsoft,,Microsoft,247201.0,-93.7870205983035,41.49474989609202,building,microsoft,742843,742843-USA.16_1-1342,USA.16_1,United States,Iowa,187.257056446,Low - Medium (10-20%),1582.675246291582,556.0085477659983,9.703333159287771,22.70533307393392,863.0,17.465217108088087,121.98546683542642,False,closed_loop_dry_cooling,,"No site-specific water resource, favorable climate, or campus infrastructure available. Closed-loop dry cooling requires no ongoing water withdrawal and serves as the universal fallback -- always feasible, at an energy-efficiency tradeoff.",1.1889931573790973,0.0
1333289545,Minnesota,MN,27,Dakota County,37,Meta,,Meta Rosemount Data Center,10334558.0,-93.06262672085371,44.73502983558099,campus,meta,742877,742877-USA.24_1-1263,USA.24_1,United States,Minnesota,5190.99927552,Low - Medium (10-20%),1702.0386930424645,227.83048911431175,6.973333189884822,20.977332433064777,764.0,15.193134169875808,37.63153105547661,True,reclaimed_wastewater,immersion_cooling,Within 40.2km of an EPA-identified reuse-capable treatment plant (nearest: 37.6km) -- reclaimed water can substitute for freshwater in cooling towers.,1.6343416753101454,0.5
1340746574,New Mexico,NM,35,Valencia County,61,Meta,5,Meta,588461.0,-106.78246827061648,34.825823197722954,building,meta,752195,752195-USA.32_1-1048,USA.32_1,United States,New Mexico,164.79053208,High (40-80%),850.8064761334037,201.50046713156348,13.036333392063776,23.362667083740234,242.0,10.351648912584814,25.12290527399269,True,reclaimed_wastewater,air_free_cooling,Within 40.2km of an EPA-identified reuse-capable treatment plant (nearest: 25.1km) -- reclaimed water can substitute for freshwater in cooling towers.,3.993554666437404,1.0
1344369104,Texas,TX,48,Bexar County,29,,,Amazon,104910.0,-98.63871379564972,29.450736236167327,building,amazon,751940,751940-USA.44_1-1400,USA.44_1,United States,Texas,484.129686379,Medium - High (20-40%),231.31282602286845,252.51190276980057,20.394333203633625,28.29866600036621,766.0,20.341242791789348,34.23864084969001,True,reclaimed_wastewater,closed_loop_dry_cooling,Within 40.2km of an EPA-identified reuse-capable treatment plant (nearest: 34.2km) -- reclaimed water can substitute for freshwater in cooling towers.,2.7627671001092096,1.0
1374895921,Oregon,OR,41,Umatilla County,59,Amazon Web Services,,Amazon Web Services,218723.0,-119.34163563129184,45.87953253861672,building,amazon,782506,782506-USA.38_1-1182,USA.38_1,United States,Oregon,2255.5299837,Medium - High (20-40%),409.2329985753409,326.22586329774384,11.76033323009809,21.68533261617025,225.0,9.096931745023587,16.559466072801182,True,reclaimed_wastewater,air_free_cooling,Within 40.2km of an EPA-identified reuse-capable treatment plant (nearest: 16.6km) -- reclaimed water can substitute for freshwater in cooling towers.,2.054509572995166,0.0
1374895922,Oregon,OR,41,Umatilla County,59,Amazon Web Services,,Amazon Web Services,218708.0,-119.3396900641125,45.88252484149941,building,amazon,782506,782506-USA.38_1-1182,USA.38_1,United States,Oregon,2255.5299837,Medium - High (20-40%),409.1481025128634,325.8063257199853,11.76033323009809,21.68533261617025,225.0,9.096931745023587,16.742624056949868,True,reclaimed_wastewater,air_free_cooling,Within 40.2km of an EPA-identified reuse-capable treatment plant (nearest: 16.7km) -- reclaimed water can substitute for freshwater in cooling towers.,2.054509572995166,0.0
1375475071,Iowa,IA,19,Dallas County,49,Microsoft,,Microsoft,250490.0,-93.86343863715008,41.53391629522377,building,microsoft,742844,742844-USA.16_1-1263,USA.16_1,United States,Iowa,5238.18251468,Low - Medium (10-20%),1589.576386430086,558.6081361805075,9.68866636355718,22.63333257039388,853.0,17.508550077435718,113.26805879191016,False,closed_loop_dry_cooling,,"No site-specific water resource, favorable climate, or campus infrastructure available. Closed-loop dry cooling requires no ongoing water withdrawal and serves as the universal fallback -- always feasible, at an energy-efficiency tradeoff.",1.1889931573790973,0.0
1375475072,Iowa,IA,19,Dallas County,49,Microsoft,,Microsoft,250494.0,-93.86346169206516,41.53283774495582,building,microsoft,742844,742844-USA.16_1-1263,USA.16_1,United States,Iowa,5238.18251468,Low - Medium (10-20%),1589.4160044849082,558.7142471870816,9.68866636355718,22.63333257039388,853.0,17.508550077435718,113.36125406186684,False,closed_loop_dry_cooling,,"No site-specific water resource, favorable climate, or campus infrastructure available. Closed-loop dry cooling requires no ongoing water withdrawal and serves as the universal fallback -- always feasible, at an energy-efficiency tradeoff.",1.1889931573790973,0.0
1375475073,Iowa,IA,19,Dallas County,49,Microsoft,,Microsoft,250498.0,-93.86344214206296,41.53181414495484,building,microsoft,742844,742844-USA.16_1-1263,USA.16_1,United States,Iowa,5238.18251468,Low - Medium (10-20%),1589.2637817228206,558.8114681668319,9.68866636355718,22.63333257039388,853.0,17.508550077435718,113.45256762598044,False,closed_loop_dry_cooling,,"No site-specific water resource, favorable climate, or campus infrastructure available. Closed-loop dry cooling requires no ongoing water withdrawal and serves as the universal fallback -- always feasible, at an energy-efficiency tradeoff.",1.1889931573790973,0.0
1377162298,Ohio,OH,39,Wood County,173,,,Meta Bowling Green Data Center,21498189.0,-83.63835552524,41.46529826036125,campus,meta,725559,725559-USA.36_1-1216,USA.36_1,United States,Ohio,3487.97562943,Low (<10%),821.2601853384026,43.04066934307652,9.671666860580444,21.60800043741862,847.0,15.948090224563575,62.57382788195896,False,immersion_cooling,closed_loop_dry_cooling,"Campus-type facility with space for new cooling infrastructure; no site-specific water resource (coast/lake/reclaimed) or favorable climate available nearby, so a high-water-savings retrofit technology is recommended instead.",0.9286729699549354,0.0
1386016627,Ohio,OH,39,Licking County,89,Amazon Web Services,,Amazon Web Services,213519.0,-82.75012924483033,40.10242869167073,building,amazon,742678,742678-USA.36_1-1216,USA.36_1,United States,Ohio,17080.6952719,Low (<10%),646.5973661042124,191.9913676285084,10.222666746626295,21.429333368937176,1003.0,16.320681457237537,32.23311298990105,True,reclaimed_wastewater,closed_loop_dry_cooling,Within 40.2km of an EPA-identified reuse-capable treatment plant (nearest: 32.2km) -- reclaimed water can substitute for freshwater in cooling towers.,0.9286729699549354,0.0
1386016628,Ohio,OH,39,Licking County,89,Amazon Web Services,,Amazon Web Services,125656.0,-82.75191229497905,40.10197816995511,building,amazon,742678,742678-USA.36_1-1216,USA.36_1,United States,Ohio,17080.6952719,Low (<10%),646.7572193966639,192.0845913250793,10.222666746626295,21.429333368937176,1003.0,16.320681457237537,32.20248271717207,True,reclaimed_wastewater,closed_loop_dry_cooling,Within 40.2km of an EPA-identified reuse-capable treatment plant (nearest: 32.2km) -- reclaimed water can substitute for freshwater in cooling towers.,0.9286729699549354,0.0
1386016629,Ohio,OH,39,Licking County,89,Amazon Web Services,,Amazon Web Services,213118.0,-82.73211149672552,40.09421858757698,building,amazon,742694,742694-USA.36_1-1216,USA.36_1,United States,Ohio,20640.7881708,Low (<10%),644.2911890577632,192.90076451058235,10.094666741788387,21.25066693623861,1010.0,16.246102100277515,33.88830962688851,True,reclaimed_wastewater,closed_loop_dry_cooling,Within 40.2km of an EPA-identified reuse-capable treatment plant (nearest: 33.9km) -- reclaimed water can substitute for freshwater in cooling towers.,0.9286729699549354,0.0
1386016630,Ohio,OH,39,Licking County,89,Amazon Web Services,,Amazon Web Services,72426.0,-82.72928126568107,40.09437825776618,building,amazon,742694,742694-USA.36_1-1216,USA.36_1,United States,Ohio,20640.7881708,Low (<10%),644.0073339549049,192.8366523789176,10.094666741788387,21.25066693623861,1010.0,16.246102100277515,34.00897605451176,True,reclaimed_wastewater,closed_loop_dry_cooling,Within 40.2km of an EPA-identified reuse-capable treatment plant (nearest: 34.0km) -- reclaimed water can substitute for freshwater in cooling towers.,0.9286729699549354,0.0
1386016631,Ohio,OH,39,Licking County,89,Amazon Web Services,,Amazon Web Services,211441.0,-82.73200435141196,40.0955017340038,building,amazon,742694,742694-USA.36_1-1216,USA.36_1,United States,Ohio,20640.7881708,Low (<10%),644.3495204565943,192.7140907049513,10.094666741788387,21.25066693623861,1010.0,16.246102100277515,33.76472448580125,True,reclaimed_wastewater,closed_loop_dry_cooling,Within 40.2km of an EPA-identified reuse-capable treatment plant (nearest: 33.8km) -- reclaimed water can substitute for freshwater in cooling towers.,0.9286729699549354,0.0
1386016632,Ohio,OH,39,Franklin County,49,Google,,Google NBY-5,287008.0,-82.772048580204,40.05652000741912,building,google,742678,742678-USA.36_1-1216,USA.36_1,United States,Ohio,17080.6952719,Low (<10%),646.4160533322648,198.95502481823613,10.3306667652602,21.53466669718425,1001.0,16.370229291372414,36.23023269262703,True,reclaimed_wastewater,closed_loop_dry_cooling,Within 40.2km of an EPA-identified reuse-capable treatment plant (nearest: 36.2km) -- reclaimed water can substitute for freshwater in cooling towers.,0.9286729699549354,0.0
1386016633,Ohio,OH,39,Franklin County,49,Google,,Google NBY-6,287583.0,-82.76761078944944,40.05392734996134,building,google,742678,742678-USA.36_1-1216,USA.36_1,United States,Ohio,17080.6952719,Low (<10%),645.8190973612108,199.25472781843487,10.3306667652602,21.53466669718425,1001.0,16.370229291372414,36.64726009549557,True,reclaimed_wastewater,closed_loop_dry_cooling,Within 40.2km of an EPA-identified reuse-capable treatment plant (nearest: 36.6km) -- reclaimed water can substitute for freshwater in cooling towers.,0.9286729699549354,0.0
1386016634,Ohio,OH,39,Licking County,89,Meta,,Meta,365548.0,-82.74054460541299,40.06149628180154,building,meta,742694,742694-USA.36_1-1216,USA.36_1,United States,Ohio,20640.7881708,Low (<10%),643.411550819283,197.74355684211403,10.180666711181402,21.32266680399577,1008.0,16.310529799675905,36.848137716571976,True,reclaimed_wastewater,closed_loop_dry_cooling,Within 40.2km of an EPA-identified reuse-capable treatment plant (nearest: 36.8km) -- reclaimed water can substitute for freshwater in cooling towers.,0.9286729699549354,0.0
1386016635,Ohio,OH,39,Licking County,89,Meta,,Meta,304109.0,-82.74114938512078,40.065239403615855,building,meta,742694,742694-USA.36_1-1216,USA.36_1,United States,Ohio,20640.7881708,Low (<10%),643.6729659914124,197.21290927652169,10.180666711181402,21.32266680399577,1008.0,16.310529799675905,36.436728103363386,True,reclaimed_wastewater,closed_loop_dry_cooling,Within 40.2km of an EPA-identified reuse-capable treatment plant (nearest: 36.4km) -- reclaimed water can substitute for freshwater in cooling towers.,0.9286729699549354,0.0
1386016636,Ohio,OH,39,Union County,159,Amazon Web Services,,Amazon Web Services,210421.0,-83.21264447651147,40.13579696334773,building,amazon,742678,742678-USA.36_1-1216,USA.36_1,United States,Ohio,17080.6952719,Low (<10%),696.3489008279495,193.30279585865824,10.36833331361413,21.72266705830892,943.0,16.484566314364717,46.72706701319962,False,closed_loop_dry_cooling,,"No site-specific water resource, favorable climate, or campus infrastructure available. Closed-loop dry cooling requires no ongoing water withdrawal and serves as the universal fallback -- always feasible, at an energy-efficiency tradeoff.",0.9286729699549354,0.0
1386016637,Ohio,OH,39,Union County,159,Amazon Web Services,,Amazon Web Services,156855.0,-83.19930886076622,40.12007223395813,building,amazon,742678,742678-USA.36_1-1216,USA.36_1,United States,Ohio,17080.6952719,Low (<10%),694.154592209205,195.32397468372085,10.671666856855154,22.086666742960613,951.0,16.5425757989286,46.52167489575162,False,closed_loop_dry_cooling,,"No site-specific water resource, favorable climate, or campus infrastructure available. Closed-loop dry cooling requires no ongoing water withdrawal and serves as the universal fallback -- always feasible, at an energy-efficiency tradeoff.",0.9286729699549354,0.0
1386016638,Ohio,OH,39,Union County,159,Amazon Web Services,,Amazon Web Services,211969.0,-83.20321748466178,40.11930148042772,building,amazon,742678,742678-USA.36_1-1216,USA.36_1,United States,Ohio,17080.6952719,Low (<10%),694.5228732453315,195.50310791988284,10.671666856855154,22.086666742960613,951.0,16.5425757989286,46.922194874651545,False,closed_loop_dry_cooling,,"No site-specific water resource, favorable climate, or campus infrastructure available. Closed-loop dry cooling requires no ongoing water withdrawal and serves as the universal fallback -- always feasible, at an energy-efficiency tradeoff.",0.9286729699549354,0.0
1386016639,Ohio,OH,39,Union County,159,Amazon Web Services,,Amazon Web Services,216190.0,-83.20252284370741,40.11811210088951,building,amazon,742678,742678-USA.36_1-1216,USA.36_1,United States,Ohio,17080.6952719,Low (<10%),694.389858832184,195.66187431034177,10.671666856855154,22.086666742960613,951.0,16.5425757989286,46.93857445592034,False,closed_loop_dry_cooling,,"No site-specific water resource, favorable climate, or campus infrastructure available. Closed-loop dry cooling requires no ongoing water withdrawal and serves as the universal fallback -- always feasible, at an energy-efficiency tradeoff.",0.9286729699549354,0.0
1386016640,Ohio,OH,39,Franklin County,49,Amazon Web Services,,Amazon Web Services,214085.0,-83.17552394889911,40.05017566216084,building,amazon,742678,742678-USA.36_1-1216,USA.36_1,United States,Ohio,17080.6952719,Low (<10%),688.1658617404548,204.99940603644632,10.740666653960943,22.123999913533527,953.0,16.55259695561243,49.64700284107702,False,closed_loop_dry_cooling,,"No site-specific water resource, favorable climate, or campus infrastructure available. Closed-loop dry cooling requires no ongoing water withdrawal and serves as the universal fallback -- always feasible, at an energy-efficiency tradeoff.",0.9286729699549354,0.0
1386016641,Ohio,OH,39,Franklin County,49,Amazon Web Services,,Amazon Web Services,211155.0,-83.17571627041164,40.05152799488423,building,amazon,742678,742678-USA.36_1-1216,USA.36_1,United States,Ohio,17080.6952719,Low (<10%),688.2526135720674,204.80747263723583,10.740666653960943,22.123999913533527,953.0,16.55259695561243,49.55462168388405,False,closed_loop_dry_cooling,,"No site-specific water resource, favorable climate, or campus infrastructure available. Closed-loop dry cooling requires no ongoing water withdrawal and serves as the universal fallback -- always feasible, at an energy-efficiency tradeoff.",0.9286729699549354,0.0
1386016642,Ohio,OH,39,Franklin County,49,Amazon Web Services,,Amazon Web Services,212842.0,-83.12585830529049,40.01641808152992,building,amazon,742678,742678-USA.36_1-1216,USA.36_1,United States,Ohio,17080.6952719,Low (<10%),681.307483390831,209.20187832601104,11.06999990095695,22.501333236694336,957.0,16.613715949513644,48.91145591108999,False,closed_loop_dry_cooling,,"No site-specific water resource, favorable climate, or campus infrastructure available. Closed-loop dry cooling requires no ongoing water withdrawal and serves as the universal fallback -- always feasible, at an energy-efficiency tradeoff.",0.9286729699549354,0.0
1386016643,Ohio,OH,39,Franklin County,49,Amazon Web Services,,Amazon Web Services,217920.0,-83.12602357320513,40.02101728573019,building,amazon,742678,742678-USA.36_1-1216,USA.36_1,United States,Ohio,17080.6952719,Low (<10%),681.5489094173398,208.53913691276,11.06999990095695,22.501333236694336,957.0,16.613715949513644,48.513192733274906,False,closed_loop_dry_cooling,,"No site-specific water resource, favorable climate, or campus infrastructure available. Closed-loop dry cooling requires no ongoing water withdrawal and serves as the universal fallback -- always feasible, at an energy-efficiency tradeoff.",0.9286729699549354,0.0
1386017490,Oregon,OR,41,Morrow County,49,Amazon Web Services,,Amazon Web Services,214042.0,-119.61966295645044,45.85173142305967,building,amazon,782505,782505-USA.38_1-1182,USA.38_1,United States,Oregon,1154.52246441,Medium - High (20-40%),386.510528707907,325.3057325355128,11.800000061591469,21.67066637674968,209.0,9.403505508534728,15.248736597968996,True,reclaimed_wastewater,air_free_cooling,Within 40.2km of an EPA-identified reuse-capable treatment plant (nearest: 15.2km) -- reclaimed water can substitute for freshwater in cooling towers.,2.054509572995166,0.0
1386017491,Oregon,OR,41,Morrow County,49,Amazon Web Services,,Amazon Web Services,210337.0,-119.61968497991585,45.85310039256019,building,amazon,782505,782505-USA.38_1-1182,USA.38_1,United States,Oregon,1154.52246441,Medium - High (20-40%),386.377583745657,325.08831558115423,11.800000061591469,21.67066637674968,209.0,9.403505508534728,15.203165419098188,True,reclaimed_wastewater,air_free_cooling,Within 40.2km of an EPA-identified reuse-capable treatment plant (nearest: 15.2km) -- reclaimed water can substitute for freshwater in cooling towers.,2.054509572995166,0.0
1386017492,Oregon,OR,41,Morrow County,49,Amazon Web Services,,Amazon Web Services,210662.0,-119.63200543136976,45.81870682167566,building,amazon,782505,782505-USA.38_1-1182,USA.38_1,United States,Oregon,1154.52246441,Medium - High (20-40%),388.6026749852035,330.3778910089622,12.12700010339419,22.502666473388672,214.0,9.300806617706224,17.980610925635922,True,reclaimed_wastewater,air_free_cooling,Within 40.2km of an EPA-identified reuse-capable treatment plant (nearest: 18.0km) -- reclaimed water can substitute for freshwater in cooling towers.,2.054509572995166,0.0
1386017493,Oregon,OR,41,Morrow County,49,Amazon Web Services,,Amazon Web Services,215555.0,-119.63626874113692,45.8186963213564,building,amazon,782505,782505-USA.38_1-1182,USA.38_1,United States,Oregon,1154.52246441,Medium - High (20-40%),388.2274410813741,330.32405376325806,12.12700010339419,22.502666473388672,214.0,9.300806617706224,18.39972019770388,True,reclaimed_wastewater,air_free_cooling,Within 40.2km of an EPA-identified reuse-capable treatment plant (nearest: 18.4km) -- reclaimed water can substitute for freshwater in cooling towers.,2.054509572995166,0.0
1386017494,Oregon,OR,41,Morrow County,49,Amazon Web Services,,Amazon Web Services,209033.0,-119.6362869627198,45.8199565841208,building,amazon,782505,782505-USA.38_1-1182,USA.38_1,United States,Oregon,1154.52246441,Medium - High (20-40%),388.1031171493637,330.1238816112401,12.12700010339419,22.502666473388672,214.0,9.300806617706224,18.33689818957278,True,reclaimed_wastewater,air_free_cooling,Within 40.2km of an EPA-identified reuse-capable treatment plant (nearest: 18.3km) -- reclaimed water can substitute for freshwater in cooling towers.,2.054509572995166,0.0
1386017495,Oregon,OR,41,Umatilla County,59,Amazon Web Services,,Amazon Web Services,211502.0,-119.26861513231998,45.80963737114029,building,amazon,782506,782506-USA.38_1-1182,USA.38_1,United States,Oregon,2255.5299837,Medium - High (20-40%),422.21928925912,338.9445769506603,11.698333193858463,21.69599978129069,244.0,8.949289097625345,5.926700789048662,True,reclaimed_wastewater,air_free_cooling,Within 40.2km of an EPA-identified reuse-capable treatment plant (nearest: 5.9km) -- reclaimed water can substitute for freshwater in cooling towers.,2.054509572995166,0.0
1386017496,Oregon,OR,41,Umatilla County,59,Amazon Web Services,,Amazon Web Services,212806.0,-119.26861305271856,45.80827344729872,building,amazon,782506,782506-USA.38_1-1182,USA.38_1,United States,Oregon,2255.5299837,Medium - High (20-40%),422.3423923366655,339.1564047015511,11.698333193858463,21.69599978129069,244.0,8.949289097625345,5.850450108081705,True,reclaimed_wastewater,air_free_cooling,Within 40.2km of an EPA-identified reuse-capable treatment plant (nearest: 5.9km) -- reclaimed water can substitute for freshwater in cooling towers.,2.054509572995166,0.0
1386017497,Oregon,OR,41,Umatilla County,59,Amazon Web Services,,Amazon Web Services,215405.0,-119.36173272155504,45.79902106441417,building,amazon,782506,782506-USA.38_1-1182,USA.38_1,United States,Oregon,2255.5299837,Medium - High (20-40%),414.67990623988175,338.3290344271743,11.72799997528394,21.678667068481445,235.0,9.072985501219751,15.558773404149711,True,reclaimed_wastewater,air_free_cooling,Within 40.2km of an EPA-identified reuse-capable treatment plant (nearest: 15.6km) -- reclaimed water can substitute for freshwater in cooling towers.,2.054509572995166,0.0
1386017498,Oregon,OR,41,Umatilla County,59,Amazon Web Services,,Amazon Web Services,13837.0,-119.35844453136586,45.799686801643226,building,amazon,782506,782506-USA.38_1-1182,USA.38_1,United States,Oregon,2255.5299837,Medium - High (20-40%),414.9171079991058,338.29978548472974,11.72799997528394,21.678667068481445,235.0,9.072985501219751,15.204975120869957,True,reclaimed_wastewater,air_free_cooling,Within 40.2km of an EPA-identified reuse-capable treatment plant (nearest: 15.2km) -- reclaimed water can substitute for freshwater in cooling towers.,2.054509572995166,0.0
1386017499,Oregon,OR,41,Umatilla County,59,Amazon Web Services,,Amazon Web Services,13867.0,-119.3589196247444,45.79773907760564,building,amazon,782506,782506-USA.38_1-1182,USA.38_1,United States,Oregon,2255.5299837,Medium - High (20-40%),415.0537561231017,338.59336256207865,11.72799997528394,21.678667068481445,235.0,9.072985501219751,15.231610584764312,True,reclaimed_wastewater,air_free_cooling,Within 40.2km of an EPA-identified reuse-capable treatment plant (nearest: 15.2km) -- reclaimed water can substitute for freshwater in cooling towers.,2.054509572995166,0.0
1386017500,Wyoming,WY,56,Laramie County,21,Microsoft,,CYS41 Datacenter,46211.0,-104.89701277770264,41.12439345701424,building,microsoft,742946,742946-USA.28_1-1303,USA.28_1,United States,Nebraska,149.941501278,High (40-80%),1646.824525418726,172.33406466742585,7.474666704734166,18.405333201090496,386.0,6.846292620627635,51.270972786230736,False,air_free_cooling,closed_loop_dry_cooling,"Summer climate (avg 18.4C, dew point 6.8C) falls within ASHRAE's recommended free-air cooling envelope -- minimal-to-no evaporative water use for most of the year.",3.121575727144988,2.0
1386017501,Wyoming,WY,56,Laramie County,21,Microsoft,,CYS42 Datacenter,60368.0,-104.90891013785874,41.12538272388359,building,microsoft,742946,742946-USA.28_1-1303,USA.28_1,United States,Nebraska,149.941501278,High (40-80%),1646.1994487742795,171.63159949030648,7.46399986743927,18.381333033243816,388.0,6.912672830207488,51.09823264334544,False,air_free_cooling,closed_loop_dry_cooling,"Summer climate (avg 18.4C, dew point 6.9C) falls within ASHRAE's recommended free-air cooling envelope -- minimal-to-no evaporative water use for most of the year.",3.121575727144988,2.0
1422101108,Nebraska,NE,31,Douglas County,55,Google,,Google,290161.0,-96.08466909067688,41.33914158417576,building,google,742951,742951-USA.16_1-1263,USA.16_1,United States,Iowa,11463.5221858,High (40-80%),1580.3021953072523,376.9048656843215,10.043000181516012,23.09600067138672,772.0,17.070470593817287,15.52604651362291,True,reclaimed_wastewater,closed_loop_dry_cooling,Within 40.2km of an EPA-identified reuse-capable treatment plant (nearest: 15.5km) -- reclaimed water can substitute for freshwater in cooling towers.,3.0582237212061827,4.0
1422101112,Nebraska,NE,31,Douglas County,55,Google,,Google,290130.0,-96.08771931019496,41.34193880105854,building,google,742951,742951-USA.16_1-1263,USA.16_1,United States,Iowa,11463.5221858,High (40-80%),1580.765158031215,376.3733243472258,10.043000181516012,23.09600067138672,772.0,17.070470593817287,15.088383379237762,True,reclaimed_wastewater,closed_loop_dry_cooling,Within 40.2km of an EPA-identified reuse-capable treatment plant (nearest: 15.1km) -- reclaimed water can substitute for freshwater in cooling towers.,3.0582237212061827,4.0
1422101116,Nebraska,NE,31,Douglas County,55,Google,,Google,290105.0,-96.0935333091696,41.345162392266765,building,google,742951,742951-USA.16_1-1263,USA.16_1,United States,Iowa,11463.5221858,High (40-80%),1581.3390912216057,375.5744861511591,10.043000181516012,23.09600067138672,772.0,17.070470593817287,14.351849554408012,True,reclaimed_wastewater,closed_loop_dry_cooling,Within 40.2km of an EPA-identified reuse-capable treatment plant (nearest: 14.4km) -- reclaimed water can substitute for freshwater in cooling towers.,3.0582237212061827,4.0
1426525184,Texas,TX,48,Ellis County,139,Google,,Google,288830.0,-96.79316889732078,32.5389942949367,building,google,751405,751405-USA.44_1-1342,USA.44_1,United States,Texas,55.5054373441,Medium - High (20-40%),411.3586401222681,163.83529508302297,18.566666563351948,28.25200017293294,926.0,20.235133445402937,31.52937954464085,True,reclaimed_wastewater,closed_loop_dry_cooling,Within 40.2km of an EPA-identified reuse-capable treatment plant (nearest: 31.5km) -- reclaimed water can substitute for freshwater in cooling towers.,2.7627671001092096,1.0
1427613543,Ohio,OH,39,Licking County,89,Google,,Google NBY-7,175532.0,-82.7644472443362,40.05393985497952,building,google,742678,742678-USA.36_1-1216,USA.36_1,United States,Ohio,17080.6952719,Low (<10%),645.4914352409753,199.20152877855728,10.3306667652602,21.53466669718425,1001.0,16.370229291372414,36.74958003584416,True,reclaimed_wastewater,closed_loop_dry_cooling,Within 40.2km of an EPA-identified reuse-capable treatment plant (nearest: 36.7km) -- reclaimed water can substitute for freshwater in cooling towers.,0.9286729699549354,0.0
1429883881,Washington,WA,53,Grant County,25,Microsoft,,Microsoft,143441.0,-119.88741175976487,47.23859240981344,building,microsoft,782614,782614-USA.48_1-1182,USA.48_1,United States,Washington,7100.32865787,Low (<10%),272.0851045587132,98.87440160804134,9.968666553497314,20.41599973042806,197.0,8.293464934064847,4.433476289838925,True,reclaimed_wastewater,air_free_cooling,Within 40.2km of an EPA-identified reuse-capable treatment plant (nearest: 4.4km) -- reclaimed water can substitute for freshwater in cooling towers.,0.3893144706188369,0.0
1447029365,Virginia,VA,51,Prince William County,153,Microsoft,2,Microsoft Data Center 2,247070.0,-77.58337970648039,38.79995610690815,building,microsoft,731901,731901-USA.47_1-1400,USA.47_1,United States,Virginia,3775.42944138,Medium - High (20-40%),44.344424447692965,306.6773707515144,13.003999943534533,23.70666631062825,1002.0,17.727845036779154,14.323113211025246,True,reclaimed_wastewater,closed_loop_dry_cooling,Within 40.2km of an EPA-identified reuse-capable treatment plant (nearest: 14.3km) -- reclaimed water can substitute for freshwater in cooling towers.,2.3410940191280734,2.0
1453996659,Wisconsin,WI,55,Dodge County,27,Meta,,Meta Beaver Dam Data Center,18261491.0,-88.81652212808933,43.510374241426895,campus,meta,742872,742872-USA.14_1-1216,USA.14_1,United States,Illinois,13894.5069646,Low - Medium (10-20%),1475.1082720161985,60.61809924998212,7.465666599571705,20.456000010172527,815.0,15.182319473474047,15.512811658199055,True,reclaimed_wastewater,immersion_cooling,Within 40.2km of an EPA-identified reuse-capable treatment plant (nearest: 15.5km) -- reclaimed water can substitute for freshwater in cooling towers.,1.9054745825226265,2.0
1455907959,Wyoming,WY,56,Laramie County,21,Meta,,Meta Cheyenne Data Center,11352010.0,-104.82549757192864,41.0779035259037,campus,meta,742946,742946-USA.28_1-1303,USA.28_1,United States,Nebraska,149.941501278,High (40-80%),1645.6698245932876,172.1143520389039,7.635666569073995,18.746666590372723,386.0,7.117925917807684,48.83711845801995,False,air_free_cooling,immersion_cooling,"Summer climate (avg 18.7C, dew point 7.1C) falls within ASHRAE's recommended free-air cooling envelope -- minimal-to-no evaporative water use for most of the year.",3.121575727144988,2.0
1458626323,Texas,TX,48,Ellis County,139,Google,,Google,282284.0,-97.06091510587594,32.44011676786547,building,google,751409,751409-USA.44_1-1363,USA.44_1,United States,Texas,6106.82276492,Medium - High (20-40%),415.1589235216925,179.64274665940852,18.635666807492573,28.279999415079757,891.0,20.06977448358085,57.32156054620887,False,closed_loop_dry_cooling,,"No site-specific water resource, favorable climate, or campus infrastructure available. Closed-loop dry cooling requires no ongoing water withdrawal and serves as the universal fallback -- always feasible, at an energy-efficiency tradeoff.",2.7627671001092096,1.0
1459880367,Mississippi,MS,28,Madison County,89,,,Amazon Canton Data Center,16581378.0,-90.0918524305196,32.597993067055405,campus,amazon,742306,742306-USA.25_1-1400,USA.25_1,United States,Mississippi,5322.43607376,Low - Medium (10-20%),288.384749031854,296.02114343395124,17.574666539827984,26.53866640726725,1418.0,21.347146881733533,267.5788340718483,False,immersion_cooling,closed_loop_dry_cooling,"Campus-type facility with space for new cooling infrastructure; no site-specific water resource (coast/lake/reclaimed) or favorable climate available nearby, so a high-water-savings retrofit technology is recommended instead.",1.2410141826749566,0.0
1460861317,Texas,TX,48,Bexar County,29,Amazon Web Services,,Amazon AWS SAT - 12807 Donop,110391.0,-98.39162546590184,29.29300517623084,building,amazon,751940,751940-USA.44_1-1400,USA.44_1,United States,Texas,484.129686379,Medium - High (20-40%),197.66564002702304,281.21784610960987,20.353999853134155,28.245333353678387,758.0,20.790626319540607,7.046135363552498,True,reclaimed_wastewater,closed_loop_dry_cooling,Within 40.2km of an EPA-identified reuse-capable treatment plant (nearest: 7.0km) -- reclaimed water can substitute for freshwater in cooling towers.,2.7627671001092096,1.0
1464257783,Virginia,VA,51,Prince William County,153,Google,,Google,289592.0,-77.58633953014488,38.779293094525954,building,google,731901,731901-USA.47_1-1400,USA.47_1,United States,Virginia,3775.42944138,Medium - High (20-40%),43.36487099206075,303.83881263714613,13.011666615804035,23.65999984741211,997.0,17.80070338140357,15.026217008197602,True,reclaimed_wastewater,closed_loop_dry_cooling,Within 40.2km of an EPA-identified reuse-capable treatment plant (nearest: 15.0km) -- reclaimed water can substitute for freshwater in cooling towers.,2.3410940191280734,2.0
1470261550,Tennessee,TN,47,Montgomery County,125,Google,Building 3,SPC4A,169749.0,-87.25691732953204,36.62405506342714,building,google,742642,742642-USA.18_1-1216,USA.18_1,United States,Kentucky,1762.29519551,Low - Medium (10-20%),792.7893384918037,69.67080141258617,14.089666694402696,24.60400009155273,1294.0,19.32444414201299,50.54398497500895,False,closed_loop_dry_cooling,,"No site-specific water resource, favorable climate, or campus infrastructure available. Closed-loop dry cooling requires no ongoing water withdrawal and serves as the universal fallback -- always feasible, at an energy-efficiency tradeoff.",1.3726966098056523,1.0
518921099,Arizona,AZ,4,Maricopa County,13,Google,,Google Data Center,7905597.0,-111.67591118204945,33.35397593532737,campus,google,772250,772250-USA.3_1-1483,USA.3_1,United States,Arizona,85.230968149,High (40-80%),322.67307089565463,294.9436268017484,21.37066642443339,30.857332865397137,261.0,11.457808389382071,1.9537768870949528,True,reclaimed_wastewater,immersion_cooling,Within 40.2km of an EPA-identified reuse-capable treatment plant (nearest: 2.0km) -- reclaimed water can substitute for freshwater in cooling towers.,3.621307686265388,1.5
844391357,Ohio,OH,39,Franklin County,49,Google,,Google Data Center,22688090.0,-82.76621082766692,40.05820687502756,campus,google,742678,742678-USA.36_1-1216,USA.36_1,United States,Ohio,17080.6952719,Low (<10%),645.8991823502402,198.61620149530012,10.3306667652602,21.53466669718425,1001.0,16.370229291372414,36.23820734998216,True,reclaimed_wastewater,immersion_cooling,Within 40.2km of an EPA-identified reuse-capable treatment plant (nearest: 36.2km) -- reclaimed water can substitute for freshwater in cooling towers.,0.9286729699549354,0.0
897226569,Virginia,VA,51,Loudoun County,107,Microsoft,,Microsoft Data Center,1575278.0,-77.5594854254625,38.949312045394976,campus,microsoft,731801,731801-USA.21_1-1400,USA.21_1,United States,Maryland,236.989313922,Medium - High (20-40%),55.0934972398968,327.3931580455603,12.672000092764696,23.33733367919922,1014.0,17.610658399816764,15.675184027523198,True,reclaimed_wastewater,immersion_cooling,Within 40.2km of an EPA-identified reuse-capable treatment plant (nearest: 15.7km) -- reclaimed water can substitute for freshwater in cooling towers.,2.3410940191280734,2.0
4879481820,Georgia,GA,13,Fulton County,121,Google,,Google Fiber,,-84.3668585,33.77156769999996,point,google,732609,732609-USA.1_1-1400,USA.1_1,United States,Alabama,111.022738495,Low - Medium (10-20%),423.8824715253272,62.055714085991816,16.586000005404156,25.60400009155273,1298.0,19.682143830487806,30.2871096995808,True,reclaimed_wastewater,closed_loop_dry_cooling,Within 40.2km of an EPA-identified reuse-capable treatment plant (nearest: 30.3km) -- reclaimed water can substitute for freshwater in cooling towers.,1.7198213494300847,2.0
9092482804,Virginia,VA,51,Loudoun County,107,Amazon Web Services,IAD69,Amazon Web Services IAD69,,-77.4146998,39.02548510000001,point,amazon,731801,731801-USA.21_1-1400,USA.21_1,United States,Maryland,236.989313922,Medium - High (20-40%),42.42099091066594,343.77209725234763,13.164999827742577,23.981332778930664,1018.0,17.57493340190757,3.8059786173231926,True,reclaimed_wastewater,closed_loop_dry_cooling,Within 40.2km of an EPA-identified reuse-capable treatment plant (nearest: 3.8km) -- reclaimed water can substitute for freshwater in cooling towers.,2.3410940191280734,2.0
